Dep_Delay,Dep_Delay_Groups,Arrival_Delay,Arr_Delay_Minutes,Arr_Del_morethan15
-6,-1,-4,0,0
-6,-1,-8,0,0
1,0,-5,0,0
-4,-1,-2,0,0
-8,-1,-12,0,0
-5,-1,5,5,0
-4,-1,-6,0,0
-4,-1,-1,0,0
-5,-1,-10,0,0
-11,-1,11,11,0
-7,-1,-8,0,0
40,2,41,41,1
0,0,8,8,0
-5,-1,-18,0,0
-5,-1,-1,0,0
-4,-1,-10,0,0
-9,-1,-12,0,0
105,7,107,107,1
-7,-1,-5,0,0
21,1,29,29,1
-7,-1,-2,0,0
-11,-1,-2,0,0
-3,-1,-4,0,0
48,3,70,70,1
16,1,22,22,1
1,0,0,0,0
0,0,-3,0,0
-3,-1,-16,0,0
44,2,21,21,1
-6,-1,7,7,0
-2,-1,-8,0,0
-7,-1,0,0,0
-3,-1,0,0,0
1,0,10,10,0
-5,-1,14,14,0
-7,-1,-28,0,0
1,0,-6,0,0
6,0,12,12,0
-1,-1,-5,0,0
0,0,9,9,0
1,0,-1,0,0
-3,-1,6,6,0
-6,-1,-2,0,0
126,8,99,99,1
-2,-1,-25,0,0
2,0,-31,0,0
29,1,-6,0,0
-8,-1,6,6,0
-8,-1,-17,0,0
4,0,-4,0,0
-4,-1,-16,0,0
-6,-1,-8,0,0
43,2,35,35,1
89,5,85,85,1
222,12,345,345,1
-3,-1,-15,0,0
-3,-1,-21,0,0
-1,-1,2,2,0
40,2,39,39,1
-3,-1,-1,0,0
114,7,101,101,1
6,0,16,16,1
-3,-1,3,3,0
-8,-1,-2,0,0
-3,-1,8,8,0
-6,-1,19,19,1
-6,-1,-4,0,0
10,0,39,39,1
-2,-1,21,21,1
-5,-1,18,18,1
-7,-1,-4,0,0
13,0,-12,0,0
-3,-1,16,16,1
-4,-1,12,12,0
3,0,46,46,1
0,0,22,22,1
-9,-1,-11,0,0
-7,-1,4,4,0
-4,-1,19,19,1
1,0,23,23,1
139,9,141,141,1
7,0,34,34,1
16,1,28,28,1
-4,-1,27,27,1
-4,-1,46,46,1
-3,-1,-17,0,0
0,0,-7,0,0
-2,-1,-7,0,0
-3,-1,-29,0,0
4,0,-3,0,0
-2,-1,-16,0,0
9,0,14,14,0
-3,-1,-8,0,0
-5,-1,-21,0,0
-4,-1,-17,0,0
-8,-1,-37,0,0
44,2,30,30,1
-2,-1,-12,0,0
164,10,168,168,1
-3,-1,0,0,0
96,6,77,77,1
375,12,368,368,1
-3,-1,-29,0,0
149,9,135,135,1
-4,-1,-31,0,0
-3,-1,-30,0,0
-4,-1,-27,0,0
-6,-1,-22,0,0
-4,-1,-23,0,0
2,0,-9,0,0
16,1,13,13,0
69,4,66,66,1
-5,-1,1,1,0
194,12,195,195,1
160,10,256,256,1
23,1,1,1,0
9,0,-6,0,0
21,1,9,9,0
4,0,-6,0,0
-2,-1,4,4,0
61,4,116,116,1
37,2,24,24,1
-7,-1,-29,0,0
17,1,-5,0,0
129,8,120,120,1
302,12,284,284,1
-1,-1,11,11,0
11,0,12,12,0
42,2,92,92,1
-3,-1,32,32,1
-4,-1,4,4,0
26,1,45,45,1
76,5,112,112,1
0,0,4,4,0
65,4,75,75,1
7,0,4,4,0
-3,-1,19,19,1
2,0,51,51,1
82,5,89,89,1
187,12,198,198,1
-2,-1,-2,0,0
-1,-1,24,24,1
135,9,133,133,1
105,7,106,106,1
46,3,81,81,1
-5,-1,3,3,0
20,1,28,28,1
-2,-1,-11,0,0
164,10,150,150,1
6,0,11,11,0
-1,-1,9,9,0
1,0,13,13,0
-7,-1,-12,0,0
0,0,0,0,0
365,12,345,345,1
31,2,13,13,0
23,1,2,2,0
4,0,-1,0,0
114,7,93,93,1
89,5,66,66,1
-2,-1,-4,0,0
103,6,85,85,1
175,11,178,178,1
-3,-1,-17,0,0
146,9,113,113,1
-6,-1,-23,0,0
-7,-1,-41,0,0
2,0,-4,0,0
-2,-1,-21,0,0
285,12,274,274,1
44,2,36,36,1
0,0,-5,0,0
-2,-1,10,10,0
-2,-1,-3,0,0
43,2,72,72,1
161,10,187,187,1
3,0,37,37,1
-1,-1,14,14,0
78,5,63,63,1
-6,-1,2,2,0
-6,-1,2,2,0
16,1,18,18,1
1,0,22,22,1
-8,-1,11,11,0
-3,-1,14,14,0
98,6,132,132,1
-7,-1,-3,0,0
7,0,-9,0,0
32,2,26,26,1
88,5,79,79,1
-7,-1,-17,0,0
4,0,6,6,0
-4,-1,7,7,0
-7,-1,16,16,1
77,5,51,51,1
52,3,22,22,1
49,3,14,14,0
6,0,8,8,0
-7,-1,-30,0,0
0,0,-18,0,0
0,0,26,26,1
92,6,74,74,1
-2,-1,-7,0,0
78,5,70,70,1
-5,-1,-16,0,0
-6,-1,-15,0,0
-6,-1,11,11,0
-7,-1,5,5,0
1,0,-1,0,0
0,0,22,22,1
-1,-1,40,40,1
-5,-1,16,16,1
-3,-1,30,30,1
-3,-1,5,5,0
-1,-1,6,6,0
4,0,6,6,0
-4,-1,-1,0,0
-5,-1,-16,0,0
-5,-1,15,15,1
-4,-1,-8,0,0
-4,-1,-17,0,0
-11,-1,-42,0,0
-5,-1,9,9,0
7,0,-16,0,0
-5,-1,-22,0,0
-6,-1,-5,0,0
-5,-1,-10,0,0
-1,-1,-14,0,0
-8,-1,-20,0,0
-8,-1,-13,0,0
-7,-1,0,0,0
16,1,15,15,1
-4,-1,-20,0,0
3,0,-19,0,0
-3,-1,-8,0,0
-4,-1,-36,0,0
3,0,-2,0,0
4,0,-19,0,0
-1,-1,-24,0,0
0,0,-12,0,0
0,0,-26,0,0
21,1,9,9,0
15,1,-6,0,0
98,6,107,107,1
18,1,-19,0,0
4,0,-35,0,0
74,4,39,39,1
4,0,-17,0,0
50,3,46,46,1
26,1,28,28,1
-4,-1,-7,0,0
-7,-1,-21,0,0
11,0,10,10,0
-3,-1,-5,0,0
-7,-1,-31,0,0
-8,-1,-40,0,0
0,0,-12,0,0
105,7,115,115,1
7,0,-20,0,0
162,10,172,172,1
65,4,59,59,1
59,3,35,35,1
12,0,-20,0,0
0,0,41,41,1
21,1,-6,0,0
31,2,9,9,0
17,1,52,52,1
80,5,72,72,1
1,0,7,7,0
-4,-1,9,9,0
-3,-1,-13,0,0
2,0,12,12,0
-6,-1,20,20,1
116,7,113,113,1
-3,-1,-6,0,0
555,12,546,546,1
-3,-1,112,112,1
133,8,202,202,1
-8,-1,-16,0,0
360,12,373,373,1
187,12,185,185,1
2,0,8,8,0
-6,-1,9,9,0
-2,-1,-15,0,0
65,4,62,62,1
-4,-1,-5,0,0
-4,-1,-2,0,0
-5,-1,12,12,0
36,2,46,46,1
7,0,22,22,1
-5,-1,-8,0,0
28,1,20,20,1
-7,-1,7,7,0
19,1,9,9,0
7,0,14,14,0
-3,-1,-7,0,0
-6,-1,-13,0,0
-1,-1,-14,0,0
-1,-1,-18,0,0
-4,-1,-29,0,0
-1,-1,11,11,0
24,1,19,19,1
-7,-1,-5,0,0
1,0,-6,0,0
-6,-1,-11,0,0
6,0,-2,0,0
36,2,26,26,1
0,0,5,5,0
130,8,235,235,1
-3,-1,-35,0,0
52,3,13,13,0
-5,-1,-19,0,0
90,6,140,140,1
12,0,-21,0,0
-8,-1,-33,0,0
127,8,82,82,1
-5,-1,2,2,0
-8,-1,-1,0,0
89,5,79,79,1
14,0,-5,0,0
-6,-1,-18,0,0
8,0,-10,0,0
59,3,53,53,1
-3,-1,-19,0,0
-1,-1,12,12,0
194,12,162,162,1
0,0,-23,0,0
-7,-1,-5,0,0
-7,-1,-17,0,0
0,0,-13,0,0
73,4,83,83,1
574,12,581,581,1
38,2,30,30,1
-6,-1,-10,0,0
-6,-1,-1,0,0
-6,-1,-1,0,0
11,0,-11,0,0
64,4,52,52,1
-6,-1,-19,0,0
-3,-1,-20,0,0
-2,-1,8,8,0
-2,-1,23,23,1
-5,-1,-31,0,0
-8,-1,-6,0,0
-4,-1,-9,0,0
-2,-1,-8,0,0
-11,-1,-18,0,0
-5,-1,-9,0,0
-4,-1,-9,0,0
-4,-1,-14,0,0
-6,-1,-9,0,0
-6,-1,-13,0,0
-7,-1,5,5,0
-6,-1,-19,0,0
-3,-1,-2,0,0
156,10,145,145,1
-2,-1,-11,0,0
-6,-1,-18,0,0
-2,-1,8,8,0
-5,-1,-29,0,0
-3,-1,-28,0,0
-3,-1,-24,0,0
-4,-1,3,3,0
-6,-1,-20,0,0
-8,-1,-9,0,0
-5,-1,-12,0,0
-3,-1,-2,0,0
2,0,12,12,0
219,12,263,263,1
-3,-1,7,7,0
33,2,89,89,1
0,0,-14,0,0
-7,-1,-40,0,0
-4,-1,-28,0,0
-2,-1,-12,0,0
-8,-1,-22,0,0
12,0,3,3,0
2,0,79,79,1
-5,-1,-8,0,0
-5,-1,-32,0,0
-1,-1,10,10,0
7,0,-16,0,0
0,0,33,33,1
5,0,-28,0,0
18,1,-28,0,0
-7,-1,-36,0,0
31,2,-15,0,0
13,0,-4,0,0
6,0,-21,0,0
-5,-1,-30,0,0
46,3,52,52,1
0,0,-6,0,0
-6,-1,-13,0,0
30,2,10,10,0
27,1,39,39,1
-1,-1,-19,0,0
-11,-1,-29,0,0
16,1,52,52,1
-7,-1,32,32,1
-2,-1,61,61,1
87,5,75,75,1
80,5,50,50,1
1,0,-8,0,0
-2,-1,-19,0,0
-1,-1,-19,0,0
-4,-1,-26,0,0
-3,-1,-8,0,0
17,1,86,86,1
5,0,22,22,1
57,3,53,53,1
-5,-1,-6,0,0
-4,-1,-14,0,0
0,0,-18,0,0
10,0,7,7,0
0,0,7,7,0
12,0,-5,0,0
9,0,-2,0,0
34,2,90,90,1
15,1,13,13,0
-5,-1,-21,0,0
9,0,-10,0,0
9,0,7,7,0
-4,-1,-17,0,0
-1,-1,-1,0,0
166,11,126,126,1
-3,-1,-4,0,0
0,0,45,45,1
27,1,79,79,1
0,0,-16,0,0
38,2,66,66,1
22,1,25,25,1
41,2,107,107,1
125,8,97,97,1
18,1,-11,0,0
-5,-1,-19,0,0
0,0,-22,0,0
-1,-1,-20,0,0
9,0,9,9,0
-2,-1,12,12,0
1,0,10,10,0
-6,-1,-37,0,0
-6,-1,-1,0,0
-4,-1,-30,0,0
-4,-1,-11,0,0
0,0,-13,0,0
-1,-1,-32,0,0
-4,-1,-15,0,0
135,9,104,104,1
16,1,-4,0,0
-4,-1,-15,0,0
3,0,-8,0,0
27,1,64,64,1
-4,-1,-11,0,0
-6,-1,14,14,0
-2,-1,-27,0,0
9,0,13,13,0
-3,-1,-35,0,0
4,0,-12,0,0
108,7,99,99,1
11,0,4,4,0
276,12,283,283,1
44,2,36,36,1
251,12,225,225,1
-2,-1,-11,0,0
0,0,0,0,0
-4,-1,-10,0,0
0,0,-8,0,0
151,10,150,150,1
-6,-1,-30,0,0
-1,-1,-22,0,0
-1,-1,-14,0,0
31,2,6,6,0
64,4,68,68,1
-2,-1,-18,0,0
9,0,16,16,1
51,3,16,16,1
1,0,-28,0,0
-5,-1,-23,0,0
93,6,56,56,1
2,0,-46,0,0
74,4,18,18,1
93,6,66,66,1
18,1,13,13,0
80,5,76,76,1
127,8,96,96,1
38,2,48,48,1
103,6,101,101,1
-3,-1,-10,0,0
-2,-1,-5,0,0
-6,-1,-21,0,0
39,2,19,19,1
-5,-1,-23,0,0
75,5,71,71,1
-6,-1,-5,0,0
-3,-1,-17,0,0
-2,-1,-10,0,0
0,0,-2,0,0
-5,-1,15,15,1
-4,-1,-16,0,0
296,12,300,300,1
-6,-1,-14,0,0
10,0,26,26,1
37,2,38,38,1
61,4,62,62,1
2,0,-4,0,0
-5,-1,1,1,0
-4,-1,-24,0,0
8,0,9,9,0
6,0,11,11,0
75,5,65,65,1
-1,-1,9,9,0
101,6,90,90,1
4,0,-1,0,0
-3,-1,-14,0,0
46,3,37,37,1
-2,-1,-15,0,0
26,1,12,12,0
-1,-1,-17,0,0
27,1,11,11,0
-4,-1,-4,0,0
12,0,12,12,0
-2,-1,-31,0,0
-1,-1,-13,0,0
17,1,-7,0,0
25,1,18,18,1
7,0,-10,0,0
-6,-1,-20,0,0
15,1,16,16,1
-1,-1,-20,0,0
3,0,-2,0,0
41,2,33,33,1
20,1,-1,0,0
33,2,13,13,0
-2,-1,-14,0,0
12,0,17,17,1
37,2,30,30,1
-3,-1,-5,0,0
79,5,68,68,1
15,1,22,22,1
-5,-1,-14,0,0
-1,-1,-28,0,0
93,6,80,80,1
60,4,36,36,1
-1,-1,19,19,1
107,7,114,114,1
-1,-1,-19,0,0
86,5,96,96,1
1138,12,1126,1126,1
0,0,-6,0,0
-4,-1,-3,0,0
-5,-1,2,2,0
-2,-1,1,1,0
69,4,69,69,1
45,3,62,62,1
19,1,32,32,1
-2,-1,-32,0,0
55,3,45,45,1
-5,-1,-14,0,0
3,0,-31,0,0
-2,-1,-46,0,0
137,9,117,117,1
0,0,0,0,0
20,1,46,46,1
-4,-1,0,0,0
16,1,28,28,1
0,0,-23,0,0
92,6,76,76,1
-6,-1,-28,0,0
2,0,2,2,0
95,6,89,89,1
3,0,-9,0,0
52,3,55,55,1
-2,-1,17,17,1
1,0,1,1,0
-5,-1,-31,0,0
20,1,-5,0,0
25,1,28,28,1
3,0,-6,0,0
-2,-1,3,3,0
-1,-1,-36,0,0
14,0,5,5,0
7,0,-5,0,0
-5,-1,-24,0,0
-2,-1,-13,0,0
-2,-1,-4,0,0
0,0,-11,0,0
-3,-1,-20,0,0
-1,-1,-6,0,0
-8,-1,-3,0,0
5,0,-5,0,0
12,0,22,22,1
-4,-1,-24,0,0
-3,-1,-24,0,0
58,3,26,26,1
-4,-1,-10,0,0
-7,-1,-22,0,0
-5,-1,-25,0,0
-9,-1,-30,0,0
6,0,14,14,0
-2,-1,-2,0,0
-5,-1,-28,0,0
-4,-1,-19,0,0
0,0,-37,0,0
90,6,141,141,1
-4,-1,-9,0,0
3,0,-13,0,0
-6,-1,-3,0,0
10,0,15,15,1
-6,-1,-12,0,0
-2,-1,15,15,1
25,1,53,53,1
11,0,-14,0,0
-4,-1,-15,0,0
-6,-1,-20,0,0
-3,-1,17,17,1
-4,-1,-16,0,0
0,0,7,7,0
7,0,-3,0,0
-1,-1,-18,0,0
18,1,55,55,1
30,2,41,41,1
-7,-1,4,4,0
83,5,111,111,1
-5,-1,-3,0,0
-7,-1,-21,0,0
-5,-1,-9,0,0
88,5,65,65,1
9,0,6,6,0
-2,-1,-17,0,0
48,3,74,74,1
-2,-1,3,3,0
57,3,46,46,1
23,1,36,36,1
-5,-1,-29,0,0
13,0,10,10,0
4,0,15,15,1
4,0,5,5,0
-6,-1,-18,0,0
-4,-1,-6,0,0
-1,-1,7,7,0
-8,-1,0,0,0
-3,-1,-21,0,0
-5,-1,-21,0,0
18,1,54,54,1
6,0,14,14,0
18,1,9,9,0
-4,-1,5,5,0
17,1,20,20,1
-2,-1,3,3,0
-5,-1,-6,0,0
34,2,25,25,1
22,1,-6,0,0
-3,-1,13,13,0
-4,-1,12,12,0
-2,-1,6,6,0
-2,-1,-4,0,0
-9,-1,-16,0,0
20,1,41,41,1
-5,-1,46,46,1
0,0,-38,0,0
-5,-1,-35,0,0
-4,-1,-13,0,0
80,5,61,61,1
-4,-1,-20,0,0
-3,-1,-12,0,0
44,2,72,72,1
40,2,96,96,1
7,0,-14,0,0
0,0,-25,0,0
6,0,9,9,0
54,3,44,44,1
86,5,72,72,1
-4,-1,5,5,0
-1,-1,12,12,0
2,0,-8,0,0
41,2,37,37,1
-4,-1,25,25,1
-8,-1,6,6,0
88,5,115,115,1
12,0,27,27,1
27,1,21,21,1
-9,-1,-11,0,0
139,9,121,121,1
19,1,3,3,0
2,0,10,10,0
126,8,112,112,1
-2,-1,-1,0,0
102,6,184,184,1
130,8,160,160,1
-3,-1,-1,0,0
-5,-1,-4,0,0
-4,-1,2,2,0
32,2,20,20,1
-8,-1,-4,0,0
-3,-1,-17,0,0
-9,-1,23,23,1
-3,-1,-5,0,0
-2,-1,-20,0,0
-12,-1,-28,0,0
-6,-1,-22,0,0
-9,-1,-28,0,0
-3,-1,-3,0,0
1,0,7,7,0
-4,-1,-25,0,0
-4,-1,-26,0,0
12,0,-3,0,0
-2,-1,-28,0,0
-4,-1,-17,0,0
-1,-1,-32,0,0
3,0,-13,0,0
8,0,-3,0,0
0,0,-21,0,0
-7,-1,-18,0,0
-3,-1,-20,0,0
-3,-1,-15,0,0
20,1,16,16,1
-1,-1,-15,0,0
197,12,195,195,1
-5,-1,33,33,1
-3,-1,-12,0,0
3,0,-7,0,0
0,0,-8,0,0
16,1,19,19,1
-8,-1,-2,0,0
47,3,41,41,1
-3,-1,-13,0,0
-6,-1,-13,0,0
-6,-1,-13,0,0
32,2,19,19,1
-4,-1,-21,0,0
-9,-1,-18,0,0
-9,-1,-15,0,0
-3,-1,-7,0,0
-2,-1,-12,0,0
-2,-1,-9,0,0
-5,-1,-5,0,0
-4,-1,-12,0,0
15,1,12,12,0
-8,-1,6,6,0
-5,-1,-12,0,0
31,2,19,19,1
-4,-1,-6,0,0
73,4,80,80,1
6,0,-1,0,0
-6,-1,9,9,0
1,0,7,7,0
-2,-1,-6,0,0
-4,-1,-13,0,0
42,2,47,47,1
-4,-1,-1,0,0
19,1,12,12,0
46,3,34,34,1
-2,-1,-5,0,0
71,4,60,60,1
167,11,160,160,1
8,0,-1,0,0
1,0,-4,0,0
33,2,78,78,1
-3,-1,0,0,0
3,0,-6,0,0
1,0,5,5,0
-5,-1,-7,0,0
20,1,8,8,0
20,1,27,27,1
6,0,-8,0,0
29,1,15,15,1
-2,-1,-14,0,0
-2,-1,-10,0,0
3,0,-13,0,0
40,2,20,20,1
0,0,-18,0,0
3,0,-15,0,0
2,0,-12,0,0
24,1,20,20,1
-4,-1,-2,0,0
7,0,33,33,1
157,10,187,187,1
6,0,-2,0,0
3,0,-4,0,0
19,1,1,1,0
43,2,39,39,1
-3,-1,-4,0,0
-7,-1,-24,0,0
-6,-1,0,0,0
45,3,31,31,1
-2,-1,-7,0,0
-6,-1,-13,0,0
67,4,51,51,1
-2,-1,14,14,0
-5,-1,17,17,1
-8,-1,-3,0,0
-6,-1,-13,0,0
-3,-1,24,24,1
5,0,37,37,1
8,0,-2,0,0
-5,-1,6,6,0
1,0,-7,0,0
-10,-1,5,5,0
-6,-1,-4,0,0
-6,-1,16,16,1
15,1,8,8,0
19,1,11,11,0
0,0,35,35,1
-6,-1,15,15,1
-7,-1,23,23,1
-6,-1,42,42,1
-4,-1,1,1,0
-3,-1,13,13,0
33,2,51,51,1
-5,-1,-3,0,0
1333,12,1355,1355,1
-6,-1,-13,0,0
5,0,-4,0,0
3,0,-9,0,0
4,0,-3,0,0
0,0,-3,0,0
1,0,13,13,0
47,3,49,49,1
-3,-1,-6,0,0
-1,-1,-15,0,0
-4,-1,-14,0,0
0,0,19,19,1
1,0,13,13,0
-3,-1,5,5,0
-5,-1,-14,0,0
-3,-1,-8,0,0
-5,-1,-8,0,0
12,0,8,8,0
72,4,67,67,1
7,0,0,0,0
1,0,21,21,1
-2,-1,-8,0,0
6,0,0,0,0
1,0,-8,0,0
-8,-1,-12,0,0
-4,-1,-2,0,0
23,1,20,20,1
22,1,56,56,1
7,0,10,10,0
1,0,-1,0,0
-1,-1,7,7,0
-4,-1,3,3,0
-3,-1,-15,0,0
0,0,4,4,0
41,2,18,18,1
-3,-1,-19,0,0
9,0,-3,0,0
-6,-1,-27,0,0
0,0,-1,0,0
0,0,18,18,1
-6,-1,65,65,1
-5,-1,-7,0,0
1,0,7,7,0
7,0,-29,0,0
5,0,-33,0,0
91,6,109,109,1
13,0,18,18,1
-7,-1,-16,0,0
1,0,-1,0,0
158,10,145,145,1
243,12,206,206,1
0,0,-2,0,0
38,2,5,5,0
16,1,-13,0,0
12,0,-9,0,0
3,0,-8,0,0
3,0,2,2,0
1,0,-32,0,0
16,1,5,5,0
-2,-1,-10,0,0
1,0,30,30,1
9,0,-8,0,0
45,3,103,103,1
81,5,53,53,1
-2,-1,-15,0,0
-2,-1,-11,0,0
8,0,-9,0,0
-4,-1,-21,0,0
-6,-1,-25,0,0
-1,-1,13,13,0
2,0,66,66,1
-7,-1,-12,0,0
-3,-1,-23,0,0
-1,-1,-11,0,0
-7,-1,-25,0,0
-9,-1,-37,0,0
-8,-1,22,22,1
-5,-1,-30,0,0
-5,-1,-31,0,0
-6,-1,-12,0,0
5,0,8,8,0
-3,-1,-6,0,0
-1,-1,15,15,1
-3,-1,4,4,0
-5,-1,-10,0,0
-4,-1,-7,0,0
-4,-1,-2,0,0
-11,-1,-16,0,0
-7,-1,-26,0,0
-6,-1,-24,0,0
-5,-1,-12,0,0
-7,-1,-35,0,0
1,0,-2,0,0
16,1,13,13,0
1,0,7,7,0
33,2,18,18,1
74,4,57,57,1
33,2,40,40,1
104,6,102,102,1
1,0,6,6,0
-6,-1,-4,0,0
-5,-1,-5,0,0
26,1,16,16,1
-9,-1,-6,0,0
-4,-1,-1,0,0
51,3,48,48,1
-10,-1,2,2,0
-3,-1,-5,0,0
18,1,53,53,1
-1,-1,-5,0,0
-1,-1,-15,0,0
-2,-1,-25,0,0
102,6,86,86,1
0,0,6,6,0
-6,-1,-20,0,0
-3,-1,-2,0,0
-2,-1,19,19,1
48,3,34,34,1
67,4,48,48,1
18,1,-9,0,0
-4,-1,-13,0,0
-3,-1,-22,0,0
5,0,-10,0,0
7,0,-4,0,0
17,1,1,1,0
26,1,18,18,1
-2,-1,-9,0,0
1,0,-14,0,0
178,11,162,162,1
17,1,66,66,1
80,5,73,73,1
-2,-1,-4,0,0
4,0,-14,0,0
72,4,55,55,1
-8,-1,3,3,0
-6,-1,-7,0,0
-6,-1,-10,0,0
-2,-1,13,13,0
9,0,13,13,0
92,6,118,118,1
58,3,34,34,1
-8,-1,-23,0,0
30,2,2,2,0
-9,-1,-29,0,0
10,0,-3,0,0
-1,-1,1,1,0
-8,-1,-23,0,0
70,4,60,60,1
9,0,2,2,0
-4,-1,51,51,1
0,0,-25,0,0
6,0,0,0,0
-8,-1,-14,0,0
25,1,2,2,0
-1,-1,-3,0,0
32,2,6,6,0
80,5,71,71,1
-2,-1,-14,0,0
0,0,-22,0,0
-6,-1,-8,0,0
45,3,43,43,1
-5,-1,-16,0,0
1,0,-14,0,0
-4,-1,-24,0,0
-5,-1,-8,0,0
-9,-1,-16,0,0
-2,-1,-24,0,0
-1,-1,-28,0,0
-5,-1,-16,0,0
-3,-1,-4,0,0
2,0,-17,0,0
1,0,-18,0,0
26,1,45,45,1
-3,-1,-18,0,0
7,0,-3,0,0
0,0,-10,0,0
-3,-1,-11,0,0
-3,-1,-17,0,0
-7,-1,-27,0,0
-2,-1,-17,0,0
-2,-1,-20,0,0
0,0,-7,0,0
-5,-1,-19,0,0
2,0,100,100,1
-4,-1,13,13,0
-3,-1,-14,0,0
8,0,8,8,0
-6,-1,-11,0,0
-5,-1,-15,0,0
8,0,-9,0,0
-1,-1,19,19,1
-2,-1,6,6,0
-3,-1,2,2,0
-1,-1,1,1,0
3,0,-7,0,0
-4,-1,-9,0,0
10,0,-1,0,0
-9,-1,-14,0,0
42,2,29,29,1
-7,-1,-10,0,0
-7,-1,-5,0,0
-5,-1,24,24,1
45,3,34,34,1
-5,-1,-17,0,0
-3,-1,-13,0,0
-3,-1,-12,0,0
30,2,19,19,1
-6,-1,-13,0,0
-6,-1,-18,0,0
-7,-1,-16,0,0
0,0,-15,0,0
-6,-1,1,1,0
102,6,87,87,1
-2,-1,-14,0,0
0,0,-7,0,0
-3,-1,0,0,0
-4,-1,-11,0,0
2,0,-15,0,0
4,0,-5,0,0
0,0,-11,0,0
1,0,-5,0,0
15,1,26,26,1
42,2,27,27,1
46,3,37,37,1
77,5,60,60,1
30,2,24,24,1
50,3,54,54,1
-3,-1,-9,0,0
-5,-1,-13,0,0
-4,-1,-12,0,0
-4,-1,2,2,0
1,0,1,1,0
147,9,138,138,1
0,0,-5,0,0
-4,-1,-18,0,0
72,4,63,63,1
12,0,8,8,0
119,7,109,109,1
5,0,3,3,0
3,0,-6,0,0
-2,-1,-8,0,0
-4,-1,10,10,0
92,6,84,84,1
52,3,39,39,1
96,6,100,100,1
53,3,37,37,1
71,4,58,58,1
55,3,44,44,1
5,0,-10,0,0
-5,-1,-10,0,0
-2,-1,-25,0,0
0,0,-40,0,0
11,0,-11,0,0
23,1,13,13,0
0,0,-9,0,0
-6,-1,-29,0,0
-5,-1,-15,0,0
-6,-1,-18,0,0
50,3,26,26,1
-1,-1,9,9,0
-10,-1,-27,0,0
-2,-1,-14,0,0
-1,-1,-1,0,0
-9,-1,-24,0,0
-1,-1,-6,0,0
-5,-1,-32,0,0
-1,-1,11,11,0
-4,-1,-5,0,0
-6,-1,-3,0,0
-3,-1,-21,0,0
-4,-1,-45,0,0
2,0,-32,0,0
-2,-1,-37,0,0
115,7,92,92,1
-3,-1,-34,0,0
4,0,-16,0,0
1,0,4,4,0
-3,-1,9,9,0
-10,-1,-7,0,0
-1,-1,-36,0,0
40,2,71,71,1
-1,-1,-1,0,0
-7,-1,-28,0,0
8,0,1,1,0
33,2,31,31,1
3,0,-7,0,0
132,8,135,135,1
-1,-1,-3,0,0
-4,-1,-28,0,0
2,0,-7,0,0
-4,-1,-17,0,0
2,0,-14,0,0
-4,-1,101,101,1
3,0,-10,0,0
7,0,-3,0,0
100,6,91,91,1
-3,-1,-18,0,0
0,0,-12,0,0
19,1,3,3,0
129,8,178,178,1
29,1,31,31,1
-4,-1,-16,0,0
-3,-1,-7,0,0
0,0,-4,0,0
14,0,-19,0,0
41,2,33,33,1
0,0,-2,0,0
27,1,26,26,1
0,0,131,131,1
171,11,180,180,1
1024,12,1010,1010,1
7,0,9,9,0
24,1,-1,0,0
9,0,-13,0,0
-5,-1,-31,0,0
-3,-1,-14,0,0
0,0,74,74,1
202,12,206,206,1
-4,-1,26,26,1
-2,-1,6,6,0
35,2,10,10,0
8,0,49,49,1
23,1,-1,0,0
-1,-1,6,6,0
-3,-1,-8,0,0
24,1,-2,0,0
267,12,242,242,1
77,5,59,59,1
21,1,-1,0,0
28,1,21,21,1
12,0,14,14,0
8,0,90,90,1
150,10,145,145,1
241,12,242,242,1
24,1,16,16,1
37,2,62,62,1
178,11,159,159,1
90,6,98,98,1
89,5,70,70,1
147,9,129,129,1
9,0,7,7,0
14,0,9,9,0
-4,-1,-31,0,0
19,1,6,6,0
10,0,8,8,0
200,12,174,174,1
5,0,46,46,1
-2,-1,-21,0,0
-5,-1,-21,0,0
1,0,-5,0,0
75,5,81,81,1
88,5,83,83,1
46,3,26,26,1
-2,-1,-12,0,0
-1,-1,-16,0,0
71,4,52,52,1
139,9,122,122,1
2,0,-4,0,0
12,0,14,14,0
-1,-1,-12,0,0
2,0,-7,0,0
1,0,-5,0,0
-1,-1,5,5,0
33,2,36,36,1
148,9,132,132,1
33,2,28,28,1
227,12,202,202,1
75,5,131,131,1
9,0,27,27,1
-5,-1,-22,0,0
-3,-1,-26,0,0
-6,-1,-37,0,0
-2,-1,-2,0,0
5,0,-6,0,0
-1,-1,127,127,1
-3,-1,0,0,0
-6,-1,-20,0,0
64,4,50,50,1
-2,-1,-27,0,0
-3,-1,-18,0,0
30,2,35,35,1
4,0,25,25,1
70,4,75,75,1
-3,-1,-28,0,0
68,4,65,65,1
1,0,1,1,0
0,0,12,12,0
-4,-1,-25,0,0
3,0,-5,0,0
9,0,26,26,1
-2,-1,-44,0,0
192,12,184,184,1
-5,-1,-4,0,0
-5,-1,34,34,1
188,12,249,249,1
-2,-1,-9,0,0
63,4,123,123,1
83,5,68,68,1
0,0,-17,0,0
-3,-1,-27,0,0
-1,-1,-18,0,0
-6,-1,25,25,1
5,0,-5,0,0
-4,-1,-8,0,0
1,0,-28,0,0
3,0,0,0,0
-2,-1,-2,0,0
-5,-1,-11,0,0
-5,-1,-30,0,0
0,0,-10,0,0
-6,-1,-27,0,0
-4,-1,-23,0,0
0,0,15,15,1
-3,-1,-19,0,0
-1,-1,-26,0,0
-5,-1,-24,0,0
0,0,-18,0,0
20,1,-3,0,0
-8,-1,-44,0,0
-3,-1,-36,0,0
11,0,6,6,0
0,0,-24,0,0
0,0,-26,0,0
-1,-1,-24,0,0
-1,-1,-23,0,0
25,1,32,32,1
-3,-1,-6,0,0
-2,-1,-6,0,0
28,1,19,19,1
4,0,-20,0,0
4,0,-18,0,0
4,0,-1,0,0
50,3,68,68,1
57,3,35,35,1
21,1,9,9,0
28,1,16,16,1
0,0,-15,0,0
55,3,36,36,1
10,0,3,3,0
97,6,64,64,1
-4,-1,-5,0,0
-5,-1,-26,0,0
8,0,1,1,0
7,0,-6,0,0
3,0,-17,0,0
45,3,37,37,1
14,0,16,16,1
-3,-1,-22,0,0
-1,-1,-6,0,0
69,4,60,60,1
0,0,1,1,0
15,1,9,9,0
-7,-1,-21,0,0
-1,-1,-23,0,0
83,5,74,74,1
4,0,101,101,1
3,0,-25,0,0
87,5,64,64,1
98,6,74,74,1
-5,-1,-3,0,0
-2,-1,-7,0,0
-2,-1,-8,0,0
-7,-1,-10,0,0
-4,-1,0,0,0
-7,-1,-16,0,0
-3,-1,-5,0,0
-3,-1,-6,0,0
-4,-1,-12,0,0
-8,-1,-14,0,0
-6,-1,-11,0,0
-6,-1,-16,0,0
-1,-1,-1,0,0
-3,-1,-13,0,0
-2,-1,-13,0,0
6,0,3,3,0
-3,-1,-6,0,0
-5,-1,-14,0,0
-6,-1,-22,0,0
-4,-1,-17,0,0
-8,-1,13,13,0
-3,-1,-21,0,0
-4,-1,-13,0,0
-7,-1,-24,0,0
-6,-1,-19,0,0
-2,-1,-4,0,0
-5,-1,-8,0,0
-2,-1,-8,0,0
-5,-1,-16,0,0
-4,-1,-14,0,0
0,0,-12,0,0
50,3,78,78,1
7,0,26,26,1
35,2,31,31,1
-4,-1,-6,0,0
25,1,40,40,1
8,0,26,26,1
20,1,17,17,1
65,4,69,69,1
14,0,1,1,0
3,0,-9,0,0
40,2,20,20,1
9,0,-3,0,0
25,1,41,41,1
56,3,44,44,1
-6,-1,-12,0,0
-6,-1,-13,0,0
52,3,48,48,1
39,2,96,96,1
31,2,25,25,1
46,3,34,34,1
77,5,68,68,1
-5,-1,5,5,0
54,3,43,43,1
56,3,46,46,1
-2,-1,-7,0,0
-7,-1,-13,0,0
-7,-1,-9,0,0
19,1,4,4,0
33,2,16,16,1
25,1,19,19,1
-3,-1,-3,0,0
-1,-1,4,4,0
-2,-1,-1,0,0
110,7,109,109,1
30,2,40,40,1
273,12,271,271,1
30,2,59,59,1
90,6,86,86,1
26,1,37,37,1
59,3,46,46,1
21,1,15,15,1
-9,-1,-27,0,0
21,1,13,13,0
-6,-1,-6,0,0
0,0,-13,0,0
-8,-1,-28,0,0
10,0,2,2,0
0,0,0,0,0
-1,-1,45,45,1
-4,-1,-8,0,0
-5,-1,-26,0,0
-6,-1,-22,0,0
-6,-1,-17,0,0
0,0,-10,0,0
-5,-1,-12,0,0
-6,-1,-19,0,0
-1,-1,0,0,0
-2,-1,-3,0,0
-8,-1,1,1,0
8,0,7,7,0
-3,-1,-6,0,0
-3,-1,17,17,1
1,0,-13,0,0
-6,-1,-8,0,0
0,0,-9,0,0
-3,-1,-9,0,0
-9,-1,10,10,0
0,0,-17,0,0
-1,-1,-20,0,0
-5,-1,-6,0,0
11,0,3,3,0
-3,-1,-17,0,0
-3,-1,4,4,0
-5,-1,13,13,0
-3,-1,8,8,0
-1,-1,-8,0,0
8,0,7,7,0
18,1,16,16,1
15,1,18,18,1
56,3,46,46,1
35,2,32,32,1
-2,-1,2,2,0
-7,-1,0,0,0
-2,-1,15,15,1
-1,-1,-6,0,0
112,7,112,112,1
0,0,-15,0,0
-6,-1,-14,0,0
12,0,-4,0,0
1,0,-13,0,0
-5,-1,-20,0,0
5,0,-2,0,0
4,0,-9,0,0
-6,-1,-17,0,0
0,0,-11,0,0
80,5,63,63,1
21,1,8,8,0
124,8,108,108,1
17,1,16,16,1
26,1,19,19,1
553,12,547,547,1
5,0,20,20,1
32,2,19,19,1
1,0,16,16,1
-2,-1,-8,0,0
-7,-1,6,6,0
58,3,49,49,1
9,0,-6,0,0
13,0,15,15,1
66,4,53,53,1
82,5,87,87,1
17,1,0,0,0
-4,-1,-14,0,0
0,0,-7,0,0
33,2,37,37,1
80,5,79,79,1
2,0,-5,0,0
9,0,4,4,0
-2,-1,-1,0,0
-6,-1,-11,0,0
-1,-1,-4,0,0
1109,12,1110,1110,1
35,2,81,81,1
13,0,32,32,1
147,9,145,145,1
31,2,21,21,1
91,6,86,86,1
36,2,28,28,1
70,4,66,66,1
-3,-1,-11,0,0
96,6,92,92,1
3,0,14,14,0
33,2,40,40,1
-6,-1,-10,0,0
18,1,4,4,0
63,4,51,51,1
1,0,-3,0,0
31,2,32,32,1
167,11,207,207,1
142,9,138,138,1
5,0,30,30,1
-3,-1,-7,0,0
5,0,-6,0,0
51,3,42,42,1
48,3,39,39,1
32,2,50,50,1
-2,-1,-10,0,0
10,0,33,33,1
256,12,242,242,1
13,0,39,39,1
23,1,12,12,0
-4,-1,-5,0,0
-3,-1,-1,0,0
-1,-1,23,23,1
0,0,23,23,1
173,11,163,163,1
11,0,18,18,1
144,9,143,143,1
19,1,27,27,1
-4,-1,-10,0,0
6,0,2,2,0
63,4,59,59,1
-5,-1,41,41,1
-2,-1,-24,0,0
-7,-1,-34,0,0
-3,-1,128,128,1
-6,-1,4,4,0
-8,-1,-23,0,0
-6,-1,-31,0,0
3,0,-22,0,0
-4,-1,-27,0,0
-7,-1,-6,0,0
-4,-1,-27,0,0
-5,-1,-12,0,0
-5,-1,-21,0,0
-6,-1,5,5,0
-4,-1,-3,0,0
-4,-1,-9,0,0
-7,-1,8,8,0
-3,-1,-15,0,0
-7,-1,-15,0,0
-1,-1,-18,0,0
179,11,165,165,1
6,0,1,1,0
42,2,41,41,1
6,0,-12,0,0
0,0,57,57,1
1,0,-7,0,0
10,0,-17,0,0
-7,-1,-11,0,0
77,5,62,62,1
4,0,62,62,1
14,0,17,17,1
29,1,6,6,0
0,0,17,17,1
32,2,19,19,1
-2,-1,-18,0,0
77,5,67,67,1
4,0,-18,0,0
5,0,15,15,1
-2,-1,-16,0,0
60,4,133,133,1
1,0,-12,0,0
0,0,-43,0,0
106,7,63,63,1
-2,-1,-11,0,0
-4,-1,-6,0,0
-3,-1,-20,0,0
270,12,215,215,1
61,4,71,71,1
38,2,51,51,1
24,1,39,39,1
-1,-1,-30,0,0
78,5,91,91,1
180,12,185,185,1
201,12,359,359,1
-5,-1,1,1,0
-6,-1,-13,0,0
-4,-1,-2,0,0
28,1,12,12,0
-2,-1,-8,0,0
1043,12,1030,1030,1
121,8,121,121,1
-6,-1,-15,0,0
10,0,-8,0,0
91,6,92,92,1
24,1,19,19,1
110,7,124,124,1
89,5,96,96,1
12,0,11,11,0
-4,-1,-15,0,0
99,6,107,107,1
42,2,34,34,1
128,8,131,131,1
-7,-1,-16,0,0
5,0,-4,0,0
-6,-1,6,6,0
-3,-1,12,12,0
98,6,106,106,1
4,0,-9,0,0
906,12,944,944,1
-4,-1,-20,0,0
-4,-1,-27,0,0
54,3,34,34,1
-4,-1,-31,0,0
9,0,23,23,1
120,8,159,159,1
-6,-1,-26,0,0
-5,-1,-36,0,0
-8,-1,-8,0,0
13,0,27,27,1
125,8,101,101,1
101,6,120,120,1
-4,-1,-5,0,0
731,12,693,693,1
-1,-1,-12,0,0
-4,-1,-53,0,0
359,12,322,322,1
161,10,122,122,1
12,0,25,25,1
-2,-1,-24,0,0
55,3,38,38,1
98,6,81,81,1
0,0,-22,0,0
37,2,16,16,1
-3,-1,-7,0,0
-2,-1,-3,0,0
-6,-1,-7,0,0
-2,-1,7,7,0
57,3,55,55,1
-6,-1,6,6,0
18,1,3,3,0
47,3,31,31,1
95,6,96,96,1
-4,-1,-5,0,0
7,0,12,12,0
-1,-1,-4,0,0
-4,-1,-6,0,0
53,3,49,49,1
24,1,15,15,1
20,1,17,17,1
-3,-1,-7,0,0
113,7,106,106,1
74,4,54,54,1
16,1,26,26,1
19,1,20,20,1
5,0,4,4,0
195,12,173,173,1
75,5,66,66,1
57,3,57,57,1
18,1,4,4,0
0,0,0,0,0
39,2,36,36,1
58,3,43,43,1
2,0,-1,0,0
-2,-1,0,0,0
-1,-1,4,4,0
-4,-1,3,3,0
82,5,80,80,1
0,0,-11,0,0
18,1,6,6,0
-3,-1,-5,0,0
7,0,-1,0,0
2,0,4,4,0
14,0,12,12,0
15,1,0,0,0
19,1,6,6,0
2,0,-3,0,0
40,2,37,37,1
17,1,5,5,0
-3,-1,-17,0,0
2,0,-7,0,0
-2,-1,-18,0,0
-6,-1,-6,0,0
58,3,62,62,1
94,6,86,86,1
223,12,213,213,1
15,1,14,14,0
47,3,41,41,1
146,9,135,135,1
61,4,40,40,1
-4,-1,-3,0,0
3,0,6,6,0
-5,-1,1,1,0
183,12,176,176,1
3,0,-6,0,0
-3,-1,-7,0,0
8,0,8,8,0
40,2,30,30,1
1,0,-11,0,0
8,0,7,7,0
-1,-1,-5,0,0
24,1,14,14,0
4,0,-5,0,0
51,3,47,47,1
47,3,42,42,1
-4,-1,5,5,0
1,0,-2,0,0
4,0,-5,0,0
11,0,1,1,0
-4,-1,-24,0,0
101,6,179,179,1
0,0,-20,0,0
123,8,112,112,1
21,1,8,8,0
-2,-1,-12,0,0
39,2,34,34,1
99,6,88,88,1
68,4,58,58,1
97,6,81,81,1
110,7,185,185,1
-2,-1,5,5,0
7,0,-8,0,0
33,2,14,14,0
10,0,-8,0,0
-2,-1,0,0,0
32,2,33,33,1
9,0,51,51,1
53,3,53,53,1
1,0,-25,0,0
-1,-1,-21,0,0
83,5,80,80,1
5,0,13,13,0
23,1,25,25,1
4,0,-7,0,0
23,1,42,42,1
28,1,7,7,0
60,4,33,33,1
0,0,13,13,0
-2,-1,-21,0,0
-4,-1,-26,0,0
30,2,6,6,0
-6,-1,-32,0,0
-6,-1,-27,0,0
201,12,205,205,1
4,0,0,0,0
-4,-1,20,20,1
151,10,148,148,1
11,0,-17,0,0
74,4,91,91,1
81,5,71,71,1
-5,-1,-14,0,0
-2,-1,-2,0,0
-8,-1,18,18,1
-4,-1,9,9,0
-9,-1,-15,0,0
23,1,33,33,1
-3,-1,8,8,0
15,1,-1,0,0
-4,-1,-4,0,0
5,0,8,8,0
-5,-1,-7,0,0
-2,-1,-2,0,0
1,0,10,10,0
-8,-1,1,1,0
-2,-1,5,5,0
-3,-1,-9,0,0
-7,-1,-2,0,0
-6,-1,-9,0,0
3,0,-2,0,0
-3,-1,-10,0,0
67,4,60,60,1
-6,-1,-9,0,0
-3,-1,-4,0,0
-2,-1,-11,0,0
3,0,-3,0,0
-6,-1,7,7,0
-6,-1,-19,0,0
73,4,63,63,1
-7,-1,-5,0,0
48,3,39,39,1
-8,-1,-6,0,0
-4,-1,-12,0,0
-2,-1,-8,0,0
-8,-1,-17,0,0
4,0,-14,0,0
16,1,0,0,0
-7,-1,-19,0,0
-9,-1,-15,0,0
-6,-1,-16,0,0
-7,-1,-12,0,0
82,5,91,91,1
0,0,-15,0,0
-7,-1,-23,0,0
-11,-1,-24,0,0
5,0,4,4,0
-6,-1,-11,0,0
-5,-1,-23,0,0
-7,-1,-5,0,0
-2,-1,-11,0,0
2,0,-11,0,0
125,8,129,129,1
-6,-1,-20,0,0
9,0,-8,0,0
-5,-1,-11,0,0
-3,-1,-2,0,0
48,3,27,27,1
50,3,39,39,1
16,1,10,10,0
8,0,-6,0,0
-4,-1,-8,0,0
-5,-1,-2,0,0
-6,-1,-20,0,0
-2,-1,-10,0,0
-7,-1,-16,0,0
-2,-1,-8,0,0
-3,-1,2,2,0
-5,-1,-15,0,0
61,4,53,53,1
-4,-1,-9,0,0
15,1,8,8,0
-3,-1,12,12,0
0,0,-7,0,0
-2,-1,-16,0,0
-4,-1,-5,0,0
11,0,12,12,0
0,0,-10,0,0
-4,-1,-3,0,0
-3,-1,0,0,0
-6,-1,-12,0,0
-4,-1,-14,0,0
-4,-1,-16,0,0
56,3,43,43,1
-5,-1,-10,0,0
-6,-1,-4,0,0
-1,-1,-15,0,0
-3,-1,5,5,0
38,2,21,21,1
18,1,15,15,1
1,0,-7,0,0
-1,-1,6,6,0
10,0,10,10,0
-3,-1,-12,0,0
-1,-1,4,4,0
116,7,162,162,1
-2,-1,-13,0,0
2,0,33,33,1
4,0,-1,0,0
-2,-1,-12,0,0
24,1,38,38,1
271,12,333,333,1
9,0,36,36,1
1,0,-13,0,0
38,2,51,51,1
10,0,2,2,0
14,0,1,1,0
-7,-1,22,22,1
1,0,12,12,0
11,0,14,14,0
27,1,39,39,1
4,0,-5,0,0
9,0,8,8,0
-3,-1,48,48,1
-7,-1,-9,0,0
14,0,32,32,1
39,2,57,57,1
0,0,10,10,0
45,3,37,37,1
5,0,14,14,0
-8,-1,-11,0,0
-5,-1,-10,0,0
15,1,14,14,0
-3,-1,0,0,0
-6,-1,-7,0,0
-8,-1,-9,0,0
-9,-1,-4,0,0
-1,-1,-5,0,0
-3,-1,-10,0,0
-4,-1,-4,0,0
-2,-1,-9,0,0
-5,-1,4,4,0
-1,-1,-3,0,0
-2,-1,-2,0,0
31,2,33,33,1
-5,-1,-4,0,0
-6,-1,0,0,0
-2,-1,-8,0,0
-7,-1,-13,0,0
2,0,7,7,0
-4,-1,2,2,0
0,0,-1,0,0
-5,-1,7,7,0
-8,-1,-13,0,0
0,0,21,21,1
36,2,34,34,1
-4,-1,-11,0,0
138,9,141,141,1
374,12,383,383,1
0,0,-8,0,0
56,3,38,38,1
-3,-1,-26,0,0
33,2,30,30,1
34,2,37,37,1
131,8,100,100,1
6,0,16,16,1
-2,-1,-26,0,0
0,0,11,11,0
-3,-1,-7,0,0
286,12,287,287,1
74,4,48,48,1
15,1,23,23,1
45,3,123,123,1
-1,-1,-17,0,0
93,6,75,75,1
-4,-1,23,23,1
-4,-1,-10,0,0
57,3,44,44,1
26,1,34,34,1
-4,-1,5,5,0
-1,-1,2,2,0
217,12,231,231,1
-3,-1,11,11,0
-6,-1,45,45,1
16,1,21,21,1
40,2,33,33,1
-1,-1,9,9,0
66,4,53,53,1
1,0,-8,0,0
0,0,-2,0,0
50,3,49,49,1
6,0,39,39,1
-1,-1,5,5,0
0,0,-3,0,0
35,2,23,23,1
1,0,4,4,0
-7,-1,-13,0,0
4,0,11,11,0
0,0,-5,0,0
1,0,0,0,0
-4,-1,-17,0,0
107,7,99,99,1
-2,-1,-15,0,0
11,0,1,1,0
-2,-1,-14,0,0
30,2,12,12,0
-2,-1,-6,0,0
-5,-1,-13,0,0
5,0,-6,0,0
0,0,-9,0,0
-7,-1,-22,0,0
5,0,-10,0,0
29,1,10,10,0
15,1,-2,0,0
-4,-1,-7,0,0
9,0,5,5,0
-3,-1,-6,0,0
2,0,-14,0,0
160,10,164,164,1
1,0,-22,0,0
-4,-1,-40,0,0
-1,-1,-15,0,0
-6,-1,-10,0,0
3,0,-10,0,0
96,6,102,102,1
-5,-1,-16,0,0
1,0,-9,0,0
-5,-1,15,15,1
0,0,-14,0,0
2,0,17,17,1
-7,-1,-10,0,0
-3,-1,50,50,1
0,0,-18,0,0
0,0,58,58,1
-5,-1,-24,0,0
0,0,95,95,1
22,1,-1,0,0
0,0,2,2,0
-2,-1,15,15,1
0,0,13,13,0
-1,-1,13,13,0
-8,-1,2,2,0
-3,-1,-10,0,0
-9,-1,24,24,1
40,2,28,28,1
-6,-1,11,11,0
-3,-1,61,61,1
11,0,18,18,1
8,0,-5,0,0
51,3,22,22,1
-3,-1,-22,0,0
-7,-1,-23,0,0
0,0,-19,0,0
-2,-1,-4,0,0
7,0,-1,0,0
4,0,-34,0,0
-1,-1,-21,0,0
219,12,216,216,1
7,0,1,1,0
-1,-1,-7,0,0
-5,-1,-34,0,0
-1,-1,-25,0,0
50,3,38,38,1
-2,-1,-22,0,0
30,2,21,21,1
-1,-1,-21,0,0
113,7,105,105,1
173,11,157,157,1
305,12,283,283,1
10,0,-12,0,0
-1,-1,-29,0,0
3,0,-22,0,0
114,7,89,89,1
17,1,-3,0,0
4,0,-28,0,0
-3,-1,-42,0,0
204,12,184,184,1
0,0,-27,0,0
-2,-1,-30,0,0
12,0,-8,0,0
3,0,-4,0,0
-2,-1,3,3,0
-4,-1,-6,0,0
262,12,246,246,1
-4,-1,-22,0,0
71,4,56,56,1
-2,-1,5,5,0
-2,-1,3,3,0
1,0,8,8,0
0,0,4,4,0
5,0,-11,0,0
12,0,18,18,1
1,0,21,21,1
133,8,130,130,1
262,12,233,233,1
96,6,99,99,1
21,1,5,5,0
-3,-1,45,45,1
-2,-1,13,13,0
43,2,42,42,1
1,0,17,17,1
8,0,28,28,1
-1,-1,-3,0,0
5,0,34,34,1
1,0,-6,0,0
25,1,27,27,1
8,0,36,36,1
14,0,6,6,0
44,2,44,44,1
9,0,1,1,0
-6,-1,-22,0,0
-3,-1,-29,0,0
-2,-1,-11,0,0
70,4,54,54,1
17,1,1,1,0
-5,-1,6,6,0
66,4,46,46,1
-2,-1,-26,0,0
19,1,9,9,0
78,5,59,59,1
21,1,0,0,0
17,1,86,86,1
5,0,8,8,0
13,0,16,16,1
-1,-1,-13,0,0
24,1,6,6,0
2,0,-11,0,0
11,0,-20,0,0
11,0,-16,0,0
-2,-1,1,1,0
16,1,1,1,0
12,0,0,0,0
19,1,11,11,0
29,1,19,19,1
17,1,38,38,1
9,0,-19,0,0
30,2,29,29,1
21,1,22,22,1
115,7,102,102,1
31,2,6,6,0
-4,-1,-15,0,0
-1,-1,-6,0,0
20,1,15,15,1
0,0,0,0,0
-11,-1,-1,0,0
-9,-1,-17,0,0
3,0,-1,0,0
5,0,-3,0,0
7,0,7,7,0
-3,-1,-6,0,0
28,1,30,30,1
-3,-1,-7,0,0
29,1,34,34,1
-7,-1,-8,0,0
-2,-1,-3,0,0
32,2,26,26,1
5,0,1,1,0
-3,-1,-2,0,0
8,0,7,7,0
3,0,-3,0,0
-5,-1,-8,0,0
62,4,57,57,1
44,2,44,44,1
0,0,-5,0,0
7,0,-2,0,0
-3,-1,7,7,0
-4,-1,-8,0,0
-3,-1,-9,0,0
7,0,6,6,0
121,8,127,127,1
3,0,-5,0,0
31,2,39,39,1
103,6,100,100,1
13,0,4,4,0
-2,-1,1,1,0
0,0,-3,0,0
-7,-1,-25,0,0
-1,-1,-23,0,0
-3,-1,-12,0,0
-6,-1,-22,0,0
19,1,9,9,0
74,4,98,98,1
4,0,1,1,0
-2,-1,-31,0,0
-4,-1,-16,0,0
0,0,-25,0,0
101,6,87,87,1
-6,-1,-21,0,0
-1,-1,-29,0,0
4,0,-12,0,0
-6,-1,8,8,0
-4,-1,15,15,1
-1,-1,-11,0,0
-4,-1,-10,0,0
-4,-1,-3,0,0
1,0,-20,0,0
45,3,13,13,0
-5,-1,-14,0,0
-4,-1,-15,0,0
-5,-1,-16,0,0
1,0,-9,0,0
6,0,3,3,0
-2,-1,25,25,1
44,2,60,60,1
-3,-1,-8,0,0
-3,-1,-23,0,0
17,1,-3,0,0
-10,-1,-16,0,0
-7,-1,-10,0,0
1,0,11,11,0
-6,-1,-14,0,0
41,2,63,63,1
-4,-1,57,57,1
8,0,1,1,0
4,0,7,7,0
2,0,7,7,0
-5,-1,12,12,0
31,2,45,45,1
-5,-1,-19,0,0
2,0,-26,0,0
67,4,82,82,1
-1,-1,-13,0,0
5,0,137,137,1
40,2,45,45,1
66,4,77,77,1
68,4,81,81,1
165,11,181,181,1
250,12,299,299,1
-2,-1,-10,0,0
0,0,-23,0,0
-5,-1,-23,0,0
-6,-1,-21,0,0
-1,-1,-15,0,0
4,0,-8,0,0
-8,-1,14,14,0
-6,-1,-4,0,0
0,0,-8,0,0
-5,-1,-14,0,0
-3,-1,-19,0,0
0,0,-11,0,0
3,0,14,14,0
29,1,30,30,1
-8,-1,10,10,0
-4,-1,-19,0,0
-3,-1,-9,0,0
140,9,159,159,1
52,3,117,117,1
15,1,21,21,1
-6,-1,-13,0,0
-2,-1,-14,0,0
115,7,145,145,1
1,0,2,2,0
6,0,4,4,0
55,3,45,45,1
-9,-1,17,17,1
5,0,2,2,0
-1,-1,4,4,0
9,0,5,5,0
29,1,20,20,1
-9,-1,-18,0,0
-7,-1,-1,0,0
-6,-1,15,15,1
-5,-1,-12,0,0
270,12,276,276,1
-2,-1,-22,0,0
-3,-1,8,8,0
-3,-1,-22,0,0
-5,-1,-16,0,0
61,4,40,40,1
-3,-1,-12,0,0
-8,-1,106,106,1
6,0,-5,0,0
72,4,74,74,1
1,0,-18,0,0
24,1,17,17,1
91,6,105,105,1
-6,-1,-19,0,0
39,2,40,40,1
88,5,86,86,1
-3,-1,-7,0,0
-3,-1,-14,0,0
1,0,34,34,1
57,3,47,47,1
119,7,133,133,1
-3,-1,-9,0,0
-5,-1,-17,0,0
-3,-1,-4,0,0
-6,-1,-20,0,0
-2,-1,-17,0,0
-2,-1,-13,0,0
22,1,-5,0,0
206,12,222,222,1
57,3,88,88,1
5,0,-14,0,0
2,0,26,26,1
0,0,-5,0,0
-2,-1,-3,0,0
95,6,81,81,1
2,0,-5,0,0
-6,-1,-23,0,0
30,2,52,52,1
3,0,1,1,0
-3,-1,6,6,0
18,1,8,8,0
-3,-1,-10,0,0
8,0,-3,0,0
-3,-1,-15,0,0
5,0,13,13,0
2,0,66,66,1
26,1,4,4,0
-4,-1,-3,0,0
-2,-1,-15,0,0
0,0,7,7,0
-4,-1,-3,0,0
-1,-1,-20,0,0
5,0,-16,0,0
-6,-1,1,1,0
-20,-2,1,1,0
-2,-1,7,7,0
3,0,-7,0,0
0,0,-3,0,0
-2,-1,-10,0,0
8,0,36,36,1
35,2,75,75,1
39,2,10,10,0
63,4,53,53,1
-4,-1,-19,0,0
17,1,12,12,0
15,1,1,1,0
7,0,22,22,1
38,2,25,25,1
-9,-1,-20,0,0
119,7,117,117,1
-1,-1,-2,0,0
4,0,0,0,0
12,0,5,5,0
-5,-1,-22,0,0
-4,-1,-22,0,0
49,3,29,29,1
-4,-1,6,6,0
1,0,3,3,0
-5,-1,6,6,0
-7,-1,-14,0,0
0,0,-2,0,0
54,3,63,63,1
35,2,40,40,1
26,1,13,13,0
19,1,22,22,1
59,3,33,33,1
0,0,-2,0,0
2,0,-1,0,0
4,0,5,5,0
1,0,45,45,1
73,4,81,81,1
0,0,-9,0,0
18,1,-3,0,0
11,0,4,4,0
77,5,64,64,1
-5,-1,-29,0,0
1,0,-10,0,0
115,7,122,122,1
-2,-1,-3,0,0
-2,-1,-12,0,0
-5,-1,-3,0,0
16,1,7,7,0
25,1,11,11,0
-7,-1,-9,0,0
192,12,186,186,1
-11,-1,-18,0,0
-2,-1,-6,0,0
-6,-1,9,9,0
-3,-1,2,2,0
17,1,15,15,1
-3,-1,-9,0,0
19,1,6,6,0
-2,-1,-8,0,0
-7,-1,-16,0,0
-3,-1,-5,0,0
0,0,-13,0,0
-7,-1,1,1,0
-3,-1,-21,0,0
-4,-1,-14,0,0
-3,-1,0,0,0
1,0,-6,0,0
133,8,109,109,1
22,1,7,7,0
89,5,60,60,1
22,1,-3,0,0
36,2,21,21,1
3,0,-10,0,0
-1,-1,-4,0,0
-1,-1,-5,0,0
13,0,0,0,0
-3,-1,-16,0,0
6,0,20,20,1
35,2,31,31,1
6,0,-10,0,0
-1,-1,-22,0,0
50,3,62,62,1
9,0,3,3,0
-3,-1,-19,0,0
-2,-1,-12,0,0
2,0,6,6,0
-1,-1,-1,0,0
4,0,6,6,0
12,0,8,8,0
9,0,-1,0,0
-2,-1,-19,0,0
-4,-1,-18,0,0
0,0,-5,0,0
1,0,-6,0,0
3,0,9,9,0
345,12,327,327,1
-1,-1,-19,0,0
132,8,124,124,1
19,1,19,19,1
0,0,13,13,0
-3,-1,2,2,0
12,0,25,25,1
3,0,-8,0,0
8,0,-8,0,0
1,0,-1,0,0
-5,-1,71,71,1
-4,-1,23,23,1
-1,-1,-9,0,0
54,3,39,39,1
6,0,8,8,0
-5,-1,-11,0,0
-2,-1,-8,0,0
81,5,72,72,1
-7,-1,5,5,0
-8,-1,-15,0,0
4,0,11,11,0
14,0,3,3,0
0,0,-5,0,0
0,0,6,6,0
5,0,6,6,0
-6,-1,19,19,1
0,0,11,11,0
-2,-1,20,20,1
-3,-1,9,9,0
4,0,4,4,0
-1,-1,-6,0,0
18,1,36,36,1
7,0,-6,0,0
-3,-1,13,13,0
1,0,-1,0,0
0,0,41,41,1
-5,-1,-3,0,0
-1,-1,-16,0,0
-1,-1,5,5,0
-2,-1,-18,0,0
24,1,40,40,1
144,9,156,156,1
31,2,27,27,1
17,1,16,16,1
76,5,86,86,1
16,1,19,19,1
8,0,11,11,0
-5,-1,-7,0,0
22,1,22,22,1
-6,-1,6,6,0
9,0,7,7,0
-8,-1,5,5,0
-5,-1,-6,0,0
122,8,111,111,1
4,0,3,3,0
137,9,149,149,1
5,0,-4,0,0
60,4,51,51,1
-1,-1,-3,0,0
174,11,187,187,1
-4,-1,-9,0,0
-5,-1,10,10,0
20,1,37,37,1
24,1,28,28,1
40,2,39,39,1
0,0,8,8,0
12,0,-4,0,0
0,0,5,5,0
2,0,8,8,0
-5,-1,-1,0,0
4,0,4,4,0
77,5,79,79,1
0,0,-5,0,0
292,12,313,313,1
-8,-1,-28,0,0
-3,-1,-30,0,0
-3,-1,1,1,0
-5,-1,-13,0,0
-6,-1,61,61,1
4,0,-19,0,0
-3,-1,-17,0,0
28,1,16,16,1
-3,-1,-23,0,0
77,5,70,70,1
-3,-1,8,8,0
-3,-1,-18,0,0
-7,-1,-30,0,0
-4,-1,-5,0,0
-4,-1,15,15,1
-2,-1,30,30,1
3,0,19,19,1
-1,-1,-14,0,0
-5,-1,-2,0,0
-1,-1,12,12,0
5,0,11,11,0
50,3,25,25,1
2,0,-1,0,0
-2,-1,2,2,0
11,0,11,11,0
-7,-1,-3,0,0
1,0,9,9,0
1,0,16,16,1
-5,-1,-23,0,0
41,2,23,23,1
-5,-1,-19,0,0
-3,-1,-17,0,0
-1,-1,6,6,0
7,0,41,41,1
1,0,9,9,0
-2,-1,-27,0,0
61,4,51,51,1
-3,-1,-21,0,0
16,1,26,26,1
90,6,81,81,1
32,2,3,3,0
36,2,23,23,1
76,5,60,60,1
52,3,41,41,1
-2,-1,25,25,1
2,0,-12,0,0
-3,-1,-27,0,0
79,5,65,65,1
95,6,75,75,1
-2,-1,-14,0,0
195,12,207,207,1
89,5,94,94,1
-2,-1,27,27,1
77,5,128,128,1
11,0,-1,0,0
58,3,59,59,1
-4,-1,-26,0,0
122,8,116,116,1
5,0,1,1,0
22,1,7,7,0
60,4,60,60,1
1,0,26,26,1
18,1,17,17,1
-3,-1,11,11,0
-3,-1,11,11,0
44,2,38,38,1
10,0,69,69,1
-7,-1,28,28,1
18,1,9,9,0
84,5,82,82,1
-6,-1,3,3,0
121,8,113,113,1
1,0,-22,0,0
29,1,35,35,1
-5,-1,26,26,1
158,10,137,137,1
31,2,40,40,1
-1,-1,12,12,0
12,0,35,35,1
7,0,4,4,0
8,0,10,10,0
-4,-1,-10,0,0
-4,-1,-18,0,0
-3,-1,-4,0,0
-4,-1,4,4,0
-9,-1,0,0,0
-5,-1,-21,0,0
65,4,65,65,1
53,3,53,53,1
7,0,-22,0,0
1,0,-15,0,0
4,0,-7,0,0
1,0,10,10,0
1,0,-3,0,0
5,0,13,13,0
44,2,40,40,1
55,3,54,54,1
30,2,46,46,1
1,0,-4,0,0
8,0,8,8,0
20,1,8,8,0
13,0,12,12,0
9,0,-21,0,0
-5,-1,-16,0,0
18,1,9,9,0
4,0,-1,0,0
66,4,58,58,1
12,0,24,24,1
39,2,33,33,1
18,1,11,11,0
16,1,11,11,0
14,0,-3,0,0
14,0,4,4,0
3,0,13,13,0
-2,-1,-9,0,0
22,1,40,40,1
21,1,12,12,0
51,3,50,50,1
47,3,106,106,1
10,0,22,22,1
-5,-1,-10,0,0
24,1,34,34,1
85,5,76,76,1
0,0,6,6,0
77,5,78,78,1
69,4,61,61,1
-2,-1,-10,0,0
-1,-1,-13,0,0
25,1,27,27,1
4,0,-6,0,0
-1,-1,-6,0,0
12,0,15,15,1
-6,-1,-20,0,0
31,2,11,11,0
32,2,53,53,1
-1,-1,-18,0,0
-3,-1,-9,0,0
-5,-1,-10,0,0
66,4,53,53,1
96,6,100,100,1
-4,-1,-3,0,0
34,2,30,30,1
10,0,6,6,0
22,1,16,16,1
1,0,-1,0,0
0,0,-12,0,0
-4,-1,3,3,0
-6,-1,-20,0,0
-7,-1,-10,0,0
-2,-1,-1,0,0
160,10,153,153,1
55,3,46,46,1
4,0,-1,0,0
-2,-1,6,6,0
-3,-1,-12,0,0
-2,-1,-13,0,0
67,4,100,100,1
1,0,-15,0,0
-7,-1,-8,0,0
-3,-1,-8,0,0
48,3,45,45,1
138,9,133,133,1
-5,-1,-6,0,0
-3,-1,-8,0,0
-3,-1,-14,0,0
-2,-1,-7,0,0
-2,-1,-7,0,0
111,7,104,104,1
-5,-1,0,0,0
108,7,99,99,1
106,7,102,102,1
0,0,-10,0,0
-4,-1,-18,0,0
0,0,-8,0,0
21,1,8,8,0
-4,-1,-20,0,0
76,5,65,65,1
-3,-1,13,13,0
1,0,-5,0,0
-2,-1,-9,0,0
-2,-1,-6,0,0
-1,-1,-3,0,0
3,0,-2,0,0
-1,-1,5,5,0
3,0,-1,0,0
-5,-1,-9,0,0
-5,-1,-13,0,0
0,0,-8,0,0
-5,-1,-19,0,0
-4,-1,-13,0,0
-4,-1,-3,0,0
-6,-1,-17,0,0
-6,-1,-21,0,0
0,0,-19,0,0
-1,-1,-22,0,0
-6,-1,-24,0,0
-6,-1,-20,0,0
4,0,-5,0,0
0,0,-9,0,0
-3,-1,-7,0,0
4,0,-8,0,0
-4,-1,-23,0,0
-6,-1,-14,0,0
282,12,278,278,1
6,0,24,24,1
0,0,7,7,0
53,3,57,57,1
-1,-1,-4,0,0
-2,-1,-5,0,0
-1,-1,11,11,0
52,3,37,37,1
6,0,-16,0,0
-6,-1,-3,0,0
-4,-1,18,18,1
10,0,25,25,1
0,0,-5,0,0
1,0,8,8,0
-5,-1,-5,0,0
-4,-1,-1,0,0
-2,-1,24,24,1
-11,-1,-18,0,0
-4,-1,-4,0,0
6,0,0,0,0
-3,-1,-13,0,0
-5,-1,-5,0,0
3,0,-5,0,0
-4,-1,2,2,0
-6,-1,-13,0,0
-1,-1,-12,0,0
10,0,-17,0,0
52,3,19,19,1
-4,-1,-32,0,0
159,10,141,141,1
-2,-1,13,13,0
6,0,-5,0,0
62,4,52,52,1
33,2,16,16,1
10,0,-5,0,0
24,1,4,4,0
-1,-1,3,3,0
-4,-1,3,3,0
26,1,14,14,0
12,0,12,12,0
48,3,23,23,1
5,0,28,28,1
5,0,-13,0,0
-1,-1,-5,0,0
-5,-1,-6,0,0
3,0,-7,0,0
24,1,19,19,1
-1,-1,-10,0,0
-4,-1,-15,0,0
4,0,-2,0,0
15,1,12,12,0
0,0,-15,0,0
-1,-1,-4,0,0
15,1,4,4,0
2,0,-3,0,0
1,0,-4,0,0
62,4,70,70,1
-1,-1,-6,0,0
13,0,-2,0,0
158,10,151,151,1
25,1,40,40,1
4,0,2,2,0
-2,-1,9,9,0
9,0,261,261,1
-9,-1,-39,0,0
-8,-1,-21,0,0
-6,-1,-47,0,0
-9,-1,-8,0,0
-6,-1,-21,0,0
-6,-1,72,72,1
120,8,89,89,1
-8,-1,-7,0,0
-12,-1,8,8,0
-11,-1,48,48,1
215,12,187,187,1
-9,-1,-49,0,0
-9,-1,12,12,0
-4,-1,-31,0,0
-9,-1,-21,0,0
-6,-1,-39,0,0
-1,-1,6,6,0
-7,-1,-7,0,0
6,0,-17,0,0
217,12,229,229,1
-5,-1,-14,0,0
211,12,186,186,1
-7,-1,-13,0,0
25,1,54,54,1
-6,-1,13,13,0
-2,-1,8,8,0
-1,-1,3,3,0
-3,-1,5,5,0
-3,-1,-12,0,0
-6,-1,-8,0,0
-3,-1,9,9,0
-4,-1,-2,0,0
7,0,2,2,0
9,0,-9,0,0
-7,-1,4,4,0
-5,-1,1,1,0
34,2,37,37,1
-5,-1,-8,0,0
22,1,16,16,1
-2,-1,-10,0,0
2,0,8,8,0
-5,-1,-25,0,0
-4,-1,-6,0,0
-9,-1,-31,0,0
-2,-1,-36,0,0
-2,-1,-30,0,0
195,12,168,168,1
-4,-1,-9,0,0
-3,-1,-35,0,0
-4,-1,-7,0,0
2,0,1,1,0
-4,-1,8,8,0
-5,-1,-14,0,0
69,4,51,51,1
-5,-1,-27,0,0
-2,-1,6,6,0
11,0,-1,0,0
-2,-1,-9,0,0
-8,-1,-9,0,0
43,2,33,33,1
-9,-1,-18,0,0
83,5,89,89,1
-6,-1,-16,0,0
-4,-1,-14,0,0
48,3,45,45,1
-4,-1,-4,0,0
-4,-1,15,15,1
64,4,56,56,1
43,2,90,90,1
33,2,31,31,1
13,0,3,3,0
7,0,16,16,1
-6,-1,-8,0,0
6,0,7,7,0
5,0,75,75,1
38,2,30,30,1
2,0,24,24,1
-4,-1,-11,0,0
8,0,4,4,0
66,4,60,60,1
67,4,57,57,1
127,8,128,128,1
93,6,87,87,1
145,9,134,134,1
52,3,41,41,1
154,10,178,178,1
-2,-1,6,6,0
-9,-1,-1,0,0
-5,-1,-2,0,0
-4,-1,-4,0,0
-5,-1,5,5,0
-8,-1,-10,0,0
-10,-1,-17,0,0
-5,-1,-9,0,0
-9,-1,-19,0,0
1,0,3,3,0
-8,-1,-13,0,0
-6,-1,-18,0,0
-7,-1,-1,0,0
-11,-1,-8,0,0
-4,-1,-8,0,0
-4,-1,-6,0,0
-7,-1,-14,0,0
-6,-1,-17,0,0
-11,-1,-2,0,0
-5,-1,-10,0,0
-2,-1,-9,0,0
-1,-1,-9,0,0
-8,-1,-19,0,0
-8,-1,-14,0,0
-7,-1,-12,0,0
-6,-1,-15,0,0
-4,-1,-1,0,0
-3,-1,-21,0,0
-3,-1,-12,0,0
-3,-1,-2,0,0
-6,-1,-10,0,0
59,3,56,56,1
-4,-1,-7,0,0
-2,-1,-10,0,0
-4,-1,-5,0,0
39,2,34,34,1
4,0,34,34,1
20,1,24,24,1
4,0,-7,0,0
-5,-1,-1,0,0
3,0,20,20,1
9,0,22,22,1
-3,-1,9,9,0
29,1,30,30,1
1,0,-3,0,0
16,1,41,41,1
0,0,-4,0,0
-3,-1,36,36,1
0,0,-3,0,0
5,0,7,7,0
-4,-1,-8,0,0
3,0,3,3,0
-5,-1,-8,0,0
2,0,3,3,0
-3,-1,-7,0,0
17,1,25,25,1
-6,-1,-9,0,0
-3,-1,0,0,0
280,12,281,281,1
6,0,7,7,0
0,0,10,10,0
-4,-1,-12,0,0
-4,-1,-14,0,0
-4,-1,12,12,0
-2,-1,8,8,0
12,0,-7,0,0
-5,-1,17,17,1
-2,-1,-19,0,0
-6,-1,-20,0,0
-3,-1,-14,0,0
-2,-1,-12,0,0
-5,-1,25,25,1
-4,-1,-23,0,0
-5,-1,3,3,0
-6,-1,-1,0,0
10,0,18,18,1
-3,-1,-26,0,0
-1,-1,-26,0,0
-5,-1,-7,0,0
-2,-1,-21,0,0
27,1,44,44,1
6,0,-5,0,0
-2,-1,-2,0,0
6,0,3,3,0
11,0,-4,0,0
-3,-1,10,10,0
239,12,341,341,1
-1,-1,-28,0,0
-6,-1,-24,0,0
34,2,22,22,1
11,0,3,3,0
71,4,67,67,1
91,6,76,76,1
2,0,-3,0,0
-4,-1,-13,0,0
0,0,-25,0,0
-2,-1,-20,0,0
24,1,19,19,1
-8,-1,-25,0,0
8,0,-3,0,0
10,0,34,34,1
18,1,20,20,1
-6,-1,18,18,1
2,0,10,10,0
3,0,13,13,0
-5,-1,-8,0,0
44,2,54,54,1
4,0,-2,0,0
-2,-1,40,40,1
159,10,146,146,1
7,0,-5,0,0
10,0,52,52,1
40,2,30,30,1
3,0,0,0,0
0,0,-6,0,0
49,3,70,70,1
-6,-1,15,15,1
-3,-1,7,7,0
21,1,13,13,0
13,0,27,27,1
2,0,-3,0,0
-1,-1,-10,0,0
-7,-1,-13,0,0
11,0,22,22,1
-6,-1,2,2,0
5,0,16,16,1
34,2,41,41,1
1,0,-14,0,0
-6,-1,-9,0,0
15,1,10,10,0
-2,-1,-6,0,0
-2,-1,4,4,0
97,6,94,94,1
-4,-1,1,1,0
-3,-1,-12,0,0
69,4,60,60,1
7,0,16,16,1
-6,-1,-8,0,0
-6,-1,-18,0,0
-2,-1,-8,0,0
2,0,-4,0,0
6,0,-6,0,0
133,8,126,126,1
-4,-1,-6,0,0
-7,-1,-3,0,0
-3,-1,-14,0,0
37,2,57,57,1
0,0,35,35,1
-6,-1,-22,0,0
-11,-1,-3,0,0
-8,-1,-21,0,0
-4,-1,15,15,1
0,0,4,4,0
13,0,31,31,1
-9,-1,-39,0,0
-6,-1,-28,0,0
-4,-1,-21,0,0
-7,-1,-9,0,0
-6,-1,-17,0,0
-5,-1,-18,0,0
0,0,-1,0,0
-11,-1,-36,0,0
-5,-1,-33,0,0
-10,-1,-20,0,0
-1,-1,-20,0,0
-6,-1,-18,0,0
-2,-1,-18,0,0
-4,-1,-29,0,0
-5,-1,-29,0,0
-13,-1,12,12,0
-2,-1,-6,0,0
4,0,5,5,0
-7,-1,-3,0,0
4,0,17,17,1
1,0,-15,0,0
-7,-1,-13,0,0
21,1,11,11,0
36,2,30,30,1
-2,-1,-1,0,0
-2,-1,-2,0,0
2,0,3,3,0
0,0,-21,0,0
1,0,1,1,0
0,0,-2,0,0
-4,-1,-9,0,0
-5,-1,-9,0,0
7,0,14,14,0
149,9,131,131,1
-7,-1,-31,0,0
22,1,12,12,0
-6,-1,-14,0,0
1,0,-4,0,0
2,0,19,19,1
7,0,4,4,0
-2,-1,-8,0,0
-4,-1,-28,0,0
-7,-1,-14,0,0
-3,-1,-2,0,0
-1,-1,-6,0,0
-4,-1,-13,0,0
-5,-1,-13,0,0
-2,-1,-20,0,0
0,0,-20,0,0
28,1,23,23,1
-1,-1,-14,0,0
6,0,-22,0,0
-6,-1,-8,0,0
78,5,70,70,1
-2,-1,-5,0,0
6,0,-29,0,0
52,3,77,77,1
2,0,-3,0,0
46,3,54,54,1
20,1,40,40,1
16,1,6,6,0
-7,-1,-55,0,0
69,4,70,70,1
-2,-1,0,0,0
2,0,-27,0,0
18,1,17,17,1
-2,-1,20,20,1
83,5,73,73,1
7,0,18,18,1
91,6,88,88,1
40,2,50,50,1
52,3,92,92,1
-6,-1,-4,0,0
10,0,-3,0,0
9,0,8,8,0
7,0,21,21,1
1,0,12,12,0
-4,-1,-6,0,0
-2,-1,2,2,0
-5,-1,-28,0,0
-5,-1,-30,0,0
109,7,115,115,1
49,3,87,87,1
-2,-1,-10,0,0
47,3,34,34,1
18,1,0,0,0
2,0,-28,0,0
-3,-1,-33,0,0
4,0,-1,0,0
23,1,36,36,1
2,0,-28,0,0
105,7,132,132,1
2,0,-26,0,0
-1,-1,-4,0,0
-6,-1,-33,0,0
-1,-1,-33,0,0
-3,-1,-16,0,0
11,0,-16,0,0
34,2,16,16,1
19,1,21,21,1
-1,-1,-19,0,0
-2,-1,0,0,0
-6,-1,-4,0,0
-2,-1,-21,0,0
-5,-1,-13,0,0
-1,-1,-4,0,0
-5,-1,-9,0,0
-10,-1,33,33,1
8,0,0,0,0
22,1,5,5,0
27,1,13,13,0
-6,-1,-17,0,0
1,0,0,0,0
3,0,-3,0,0
-4,-1,-10,0,0
-4,-1,-14,0,0
-4,-1,-9,0,0
28,1,6,6,0
-1,-1,-22,0,0
-1,-1,-30,0,0
-6,-1,-33,0,0
28,1,11,11,0
-7,-1,23,23,1
-5,-1,-7,0,0
-3,-1,-34,0,0
-7,-1,-17,0,0
-5,-1,-29,0,0
-6,-1,6,6,0
4,0,-14,0,0
-4,-1,-28,0,0
-6,-1,-23,0,0
-3,-1,-31,0,0
-6,-1,-34,0,0
-9,-1,-41,0,0
1,0,-10,0,0
19,1,10,10,0
2,0,-13,0,0
4,0,-18,0,0
10,0,-16,0,0
10,0,-6,0,0
184,12,151,151,1
146,9,114,114,1
0,0,-22,0,0
55,3,38,38,1
-5,-1,4,4,0
111,7,95,95,1
-2,-1,-10,0,0
-3,-1,-16,0,0
-2,-1,-7,0,0
14,0,-5,0,0
84,5,63,63,1
-4,-1,-8,0,0
-4,-1,-23,0,0
189,12,214,214,1
72,4,35,35,1
3,0,-2,0,0
178,11,160,160,1
56,3,54,54,1
-5,-1,-16,0,0
48,3,124,124,1
56,3,64,64,1
210,12,221,221,1
31,2,28,28,1
-4,-1,-40,0,0
-6,-1,-46,0,0
10,0,21,21,1
36,2,22,22,1
6,0,-7,0,0
-7,-1,10,10,0
-7,-1,-25,0,0
14,0,9,9,0
-7,-1,-18,0,0
4,0,-3,0,0
4,0,-15,0,0
4,0,-20,0,0
10,0,-1,0,0
9,0,7,7,0
10,0,-1,0,0
-8,-1,-16,0,0
27,1,18,18,1
-8,-1,-1,0,0
172,11,164,164,1
-7,-1,-18,0,0
-4,-1,0,0,0
-6,-1,-6,0,0
-1,-1,-14,0,0
113,7,103,103,1
-6,-1,-13,0,0
-5,-1,-6,0,0
-6,-1,-8,0,0
-3,-1,-9,0,0
-3,-1,-16,0,0
0,0,-21,0,0
24,1,13,13,0
92,6,82,82,1
-3,-1,-11,0,0
17,1,19,19,1
141,9,151,151,1
-4,-1,-2,0,0
8,0,9,9,0
-1,-1,1,1,0
-5,-1,-12,0,0
-5,-1,-4,0,0
1,0,4,4,0
-1,-1,2,2,0
-2,-1,-11,0,0
69,4,53,53,1
-1,-1,-6,0,0
-5,-1,2,2,0
-3,-1,-24,0,0
0,0,-7,0,0
14,0,-6,0,0
2,0,-10,0,0
122,8,108,108,1
7,0,-7,0,0
8,0,-14,0,0
0,0,-15,0,0
13,0,18,18,1
13,0,50,50,1
-3,-1,-12,0,0
0,0,-11,0,0
-4,-1,-19,0,0
-2,-1,-17,0,0
262,12,265,265,1
11,0,6,6,0
0,0,0,0,0
6,0,-5,0,0
-3,-1,-28,0,0
115,7,131,131,1
29,1,65,65,1
-3,-1,39,39,1
0,0,-7,0,0
-5,-1,7,7,0
20,1,29,29,1
76,5,89,89,1
30,2,34,34,1
9,0,31,31,1
0,0,0,0,0
0,0,7,7,0
150,10,124,124,1
46,3,32,32,1
0,0,-15,0,0
19,1,12,12,0
113,7,69,69,1
16,1,33,33,1
1,0,15,15,1
-3,-1,25,25,1
30,2,14,14,0
60,4,102,102,1
31,2,33,33,1
8,0,28,28,1
221,12,222,222,1
0,0,-17,0,0
-3,-1,-14,0,0
-1,-1,2,2,0
0,0,-15,0,0
3,0,-2,0,0
35,2,59,59,1
-3,-1,2,2,0
2,0,-21,0,0
13,0,-7,0,0
18,1,34,34,1
-4,-1,-19,0,0
-8,-1,-3,0,0
3,0,32,32,1
7,0,2,2,0
-5,-1,-23,0,0
69,4,68,68,1
0,0,10,10,0
0,0,17,17,1
-2,-1,-7,0,0
139,9,213,213,1
-3,-1,-10,0,0
1,0,-14,0,0
54,3,55,55,1
-3,-1,-9,0,0
18,1,10,10,0
-6,-1,-22,0,0
0,0,-7,0,0
21,1,32,32,1
12,0,19,19,1
96,6,77,77,1
-2,-1,-24,0,0
-9,-1,-30,0,0
-2,-1,-12,0,0
-2,-1,-33,0,0
-5,-1,-34,0,0
37,2,21,21,1
8,0,-12,0,0
-4,-1,34,34,1
-4,-1,-27,0,0
-6,-1,-19,0,0
-6,-1,-9,0,0
-8,-1,-31,0,0
-3,-1,-4,0,0
2,0,51,51,1
-2,-1,-18,0,0
-8,-1,-36,0,0
26,1,1,1,0
236,12,239,239,1
-4,-1,-24,0,0
-6,-1,-20,0,0
-5,-1,79,79,1
-2,-1,-28,0,0
0,0,-15,0,0
-4,-1,-19,0,0
-11,-1,-31,0,0
-3,-1,6,6,0
0,0,-30,0,0
267,12,281,281,1
35,2,59,59,1
32,2,16,16,1
-3,-1,-15,0,0
0,0,-10,0,0
-1,-1,-6,0,0
29,1,29,29,1
0,0,31,31,1
37,2,30,30,1
-5,-1,-24,0,0
-4,-1,16,16,1
-2,-1,-21,0,0
7,0,-4,0,0
30,2,3,3,0
11,0,-1,0,0
-3,-1,4,4,0
-2,-1,9,9,0
-3,-1,10,10,0
2,0,2,2,0
0,0,19,19,1
0,0,6,6,0
7,0,13,13,0
16,1,37,37,1
-3,-1,-1,0,0
179,11,189,189,1
-3,-1,22,22,1
-1,-1,73,73,1
0,0,-8,0,0
12,0,37,37,1
-5,-1,6,6,0
-3,-1,9,9,0
-2,-1,5,5,0
11,0,12,12,0
3,0,-9,0,0
25,1,21,21,1
40,2,28,28,1
-8,-1,3,3,0
-2,-1,33,33,1
-4,-1,-7,0,0
-7,-1,-14,0,0
13,0,8,8,0
26,1,17,17,1
20,1,9,9,0
1,0,-9,0,0
-7,-1,-9,0,0
-6,-1,-15,0,0
-4,-1,-7,0,0
181,12,175,175,1
-5,-1,-6,0,0
-6,-1,-5,0,0
-4,-1,0,0,0
0,0,-12,0,0
24,1,16,16,1
108,7,100,100,1
-6,-1,-9,0,0
19,1,47,47,1
43,2,40,40,1
-5,-1,-11,0,0
-10,-1,-15,0,0
5,0,18,18,1
-4,-1,-11,0,0
-11,-1,-19,0,0
58,3,42,42,1
4,0,-10,0,0
0,0,-27,0,0
17,1,-2,0,0
3,0,11,11,0
-8,-1,-13,0,0
2,0,-19,0,0
-3,-1,33,33,1
7,0,-16,0,0
0,0,13,13,0
57,3,65,65,1
39,2,47,47,1
-1,-1,-26,0,0
112,7,96,96,1
-1,-1,-4,0,0
5,0,-8,0,0
68,4,62,62,1
31,2,21,21,1
-1,-1,-4,0,0
94,6,91,91,1
2,0,-5,0,0
-2,-1,19,19,1
32,2,28,28,1
43,2,32,32,1
39,2,41,41,1
34,2,35,35,1
11,0,22,22,1
167,11,157,157,1
0,0,6,6,0
4,0,2,2,0
0,0,5,5,0
1,0,-10,0,0
-1,-1,-14,0,0
-7,-1,3,3,0
3,0,11,11,0
3,0,-10,0,0
55,3,76,76,1
29,1,32,32,1
61,4,35,35,1
11,0,20,20,1
-2,-1,-12,0,0
10,0,25,25,1
0,0,-4,0,0
-3,-1,-26,0,0
-3,-1,2,2,0
149,9,160,160,1
37,2,10,10,0
14,0,9,9,0
0,0,-24,0,0
-7,-1,-22,0,0
-3,-1,-26,0,0
-8,-1,-4,0,0
132,8,125,125,1
31,2,34,34,1
24,1,-9,0,0
-5,-1,6,6,0
-7,-1,-24,0,0
-8,-1,-1,0,0
-5,-1,-43,0,0
12,0,-29,0,0
-6,-1,-47,0,0
64,4,30,30,1
-3,-1,-10,0,0
-3,-1,-17,0,0
-6,-1,-16,0,0
-7,-1,-12,0,0
-3,-1,-33,0,0
-5,-1,-34,0,0
-4,-1,-27,0,0
63,4,41,41,1
6,0,3,3,0
54,3,33,33,1
-7,-1,-18,0,0
-6,-1,-11,0,0
-2,-1,-6,0,0
-1,-1,-10,0,0
53,3,42,42,1
12,0,56,56,1
-7,-1,1,1,0
-8,-1,-2,0,0
-3,-1,4,4,0
-3,-1,-7,0,0
6,0,-1,0,0
18,1,17,17,1
-2,-1,-10,0,0
-7,-1,-13,0,0
-6,-1,-19,0,0
94,6,104,104,1
81,5,64,64,1
-1,-1,-15,0,0
12,0,2,2,0
-1,-1,-15,0,0
1,0,-13,0,0
-5,-1,-13,0,0
-4,-1,-12,0,0
2,0,-10,0,0
-4,-1,-8,0,0
-3,-1,-13,0,0
3,0,-11,0,0
-5,-1,-19,0,0
114,7,102,102,1
25,1,24,24,1
1,0,-13,0,0
-1,-1,-9,0,0
9,0,115,115,1
2,0,-2,0,0
-2,-1,-13,0,0
-2,-1,-13,0,0
16,1,2,2,0
0,0,-18,0,0
-4,-1,89,89,1
-6,-1,-4,0,0
0,0,18,18,1
26,1,25,25,1
12,0,7,7,0
-8,-1,-3,0,0
204,12,282,282,1
1,0,4,4,0
-4,-1,-21,0,0
19,1,70,70,1
-4,-1,-10,0,0
13,0,15,15,1
0,0,16,16,1
-1,-1,-1,0,0
30,2,49,49,1
-1,-1,11,11,0
-8,-1,-11,0,0
-7,-1,-9,0,0
1192,12,1185,1185,1
-2,-1,-9,0,0
19,1,15,15,1
351,12,355,355,1
51,3,41,41,1
0,0,97,97,1
10,0,19,19,1
-2,-1,-22,0,0
-8,-1,-33,0,0
-3,-1,-7,0,0
9,0,14,14,0
-7,-1,-31,0,0
-3,-1,19,19,1
5,0,45,45,1
-7,-1,-9,0,0
2,0,46,46,1
-3,-1,-20,0,0
10,0,52,52,1
0,0,-6,0,0
-4,-1,-19,0,0
-2,-1,6,6,0
10,0,6,6,0
0,0,38,38,1
-3,-1,17,17,1
-7,-1,-21,0,0
-5,-1,-12,0,0
16,1,-4,0,0
8,0,5,5,0
-5,-1,-19,0,0
-5,-1,-23,0,0
-1,-1,-16,0,0
-5,-1,17,17,1
-2,-1,53,53,1
8,0,26,26,1
287,12,288,288,1
2,0,17,17,1
14,0,23,23,1
-4,-1,-20,0,0
-1,-1,-17,0,0
-6,-1,-4,0,0
-5,-1,-18,0,0
63,4,88,88,1
31,2,37,37,1
32,2,25,25,1
-2,-1,-18,0,0
-1,-1,53,53,1
126,8,150,150,1
65,4,57,57,1
67,4,81,81,1
2,0,-3,0,0
-5,-1,-1,0,0
8,0,4,4,0
-3,-1,-4,0,0
-2,-1,6,6,0
62,4,151,151,1
73,4,70,70,1
8,0,1,1,0
112,7,110,110,1
85,5,74,74,1
-7,-1,-11,0,0
-8,-1,-12,0,0
-6,-1,4,4,0
-8,-1,10,10,0
-3,-1,-16,0,0
34,2,48,48,1
-11,-1,-18,0,0
-4,-1,-6,0,0
-4,-1,-1,0,0
-3,-1,-21,0,0
-5,-1,-3,0,0
-2,-1,-18,0,0
-3,-1,-3,0,0
-2,-1,0,0,0
-1,-1,-8,0,0
-4,-1,-16,0,0
-3,-1,0,0,0
-1,-1,-10,0,0
-3,-1,-9,0,0
-1,-1,-18,0,0
-1,-1,5,5,0
-2,-1,-11,0,0
0,0,5,5,0
-3,-1,-4,0,0
-2,-1,-11,0,0
-3,-1,-16,0,0
-2,-1,-11,0,0
-1,-1,-4,0,0
-5,-1,-11,0,0
-7,-1,-21,0,0
-4,-1,-31,0,0
9,0,8,8,0
-5,-1,-28,0,0
-6,-1,-29,0,0
1,0,-10,0,0
0,0,-2,0,0
3,0,-23,0,0
-5,-1,-25,0,0
-7,-1,-40,0,0
-3,-1,-7,0,0
-3,-1,-16,0,0
-4,-1,-11,0,0
-3,-1,-20,0,0
-5,-1,-7,0,0
24,1,9,9,0
-4,-1,18,18,1
-9,-1,-22,0,0
-3,-1,-18,0,0
-4,-1,-24,0,0
-2,-1,16,16,1
1,0,-22,0,0
-1,-1,0,0,0
3,0,-22,0,0
-7,-1,-14,0,0
-4,-1,-21,0,0
-4,-1,-25,0,0
3,0,-33,0,0
-6,-1,-31,0,0
-6,-1,1,1,0
-3,-1,-21,0,0
-2,-1,-29,0,0
288,12,312,312,1
8,0,-11,0,0
0,0,-11,0,0
5,0,-19,0,0
33,2,12,12,0
34,2,14,14,0
-3,-1,-8,0,0
-11,-1,-31,0,0
3,0,-23,0,0
-6,-1,-4,0,0
-4,-1,-5,0,0
6,0,-9,0,0
4,0,-8,0,0
0,0,-13,0,0
3,0,32,32,1
-7,-1,-25,0,0
-2,-1,-17,0,0
-2,-1,-1,0,0
-5,-1,1,1,0
-4,-1,-12,0,0
57,3,41,41,1
-5,-1,0,0,0
18,1,15,15,1
1,0,-5,0,0
75,5,55,55,1
15,1,0,0,0
-5,-1,-23,0,0
4,0,-24,0,0
-2,-1,-19,0,0
61,4,43,43,1
-1,-1,-6,0,0
204,12,184,184,1
-1,-1,-16,0,0
75,5,60,60,1
15,1,15,15,1
46,3,48,48,1
-2,-1,-10,0,0
41,2,19,19,1
29,1,22,22,1
9,0,10,10,0
95,6,119,119,1
25,1,8,8,0
61,4,36,36,1
44,2,25,25,1
-2,-1,-23,0,0
17,1,17,17,1
28,1,6,6,0
-3,-1,-10,0,0
-3,-1,-7,0,0
94,6,115,115,1
137,9,125,125,1
40,2,19,19,1
-1,-1,-5,0,0
151,10,128,128,1
25,1,7,7,0
91,6,91,91,1
0,0,2,2,0
-6,-1,12,12,0
62,4,44,44,1
-8,-1,-30,0,0
-6,-1,-5,0,0
36,2,53,53,1
-2,-1,-19,0,0
-8,-1,-17,0,0
-5,-1,-2,0,0
-6,-1,-24,0,0
-3,-1,-31,0,0
-8,-1,-25,0,0
9,0,-16,0,0
-2,-1,-14,0,0
-4,-1,-24,0,0
-4,-1,-27,0,0
-4,-1,19,19,1
-3,-1,6,6,0
5,0,-13,0,0
-4,-1,-17,0,0
27,1,4,4,0
0,0,-20,0,0
-8,-1,8,8,0
-5,-1,-19,0,0
-3,-1,-7,0,0
1,0,-24,0,0
-3,-1,-10,0,0
-5,-1,4,4,0
-2,-1,-12,0,0
-2,-1,-12,0,0
-3,-1,-13,0,0
-2,-1,-25,0,0
20,1,3,3,0
-6,-1,-31,0,0
-3,-1,-12,0,0
-7,-1,-18,0,0
-5,-1,-3,0,0
-6,-1,-20,0,0
-5,-1,-23,0,0
-6,-1,-29,0,0
-8,-1,-26,0,0
-2,-1,8,8,0
-8,-1,-28,0,0
4,0,-17,0,0
-6,-1,-17,0,0
-6,-1,-40,0,0
-6,-1,-18,0,0
-6,-1,-10,0,0
-5,-1,18,18,1
110,7,105,105,1
-1,-1,-6,0,0
-6,-1,-17,0,0
34,2,53,53,1
-1,-1,-20,0,0
-7,-1,-27,0,0
1,0,-15,0,0
-4,-1,-12,0,0
0,0,4,4,0
19,1,26,26,1
212,12,233,233,1
-2,-1,0,0,0
-5,-1,2,2,0
-5,-1,-10,0,0
-7,-1,10,10,0
42,2,41,41,1
60,4,92,92,1
-1,-1,39,39,1
-5,-1,-5,0,0
-6,-1,-24,0,0
-6,-1,0,0,0
-3,-1,35,35,1
0,0,-10,0,0
146,9,124,124,1
17,1,16,16,1
-1,-1,-3,0,0
37,2,80,80,1
2,0,20,20,1
-5,-1,-27,0,0
130,8,90,90,1
2,0,8,8,0
1,0,-3,0,0
0,0,3,3,0
106,7,90,90,1
13,0,46,46,1
6,0,-13,0,0
68,4,115,115,1
5,0,-9,0,0
167,11,177,177,1
-4,-1,34,34,1
8,0,5,5,0
10,0,-5,0,0
0,0,-4,0,0
19,1,19,19,1
119,7,114,114,1
-4,-1,-6,0,0
-2,-1,6,6,0
-3,-1,0,0,0
-1,-1,-3,0,0
-4,-1,0,0,0
-6,-1,3,3,0
24,1,32,32,1
-6,-1,-3,0,0
97,6,119,119,1
125,8,126,126,1
-4,-1,-14,0,0
0,0,-3,0,0
-6,-1,-17,0,0
0,0,8,8,0
-2,-1,2,2,0
13,0,3,3,0
6,0,4,4,0
1,0,-5,0,0
-2,-1,-11,0,0
102,6,107,107,1
-3,-1,-7,0,0
-6,-1,-9,0,0
19,1,30,30,1
-6,-1,-6,0,0
10,0,71,71,1
-8,-1,-9,0,0
89,5,98,98,1
-2,-1,-16,0,0
-4,-1,-10,0,0
31,2,25,25,1
68,4,61,61,1
45,3,27,27,1
177,11,155,155,1
50,3,48,48,1
-5,-1,-4,0,0
50,3,67,67,1
105,7,139,139,1
25,1,51,51,1
-9,-1,5,5,0
-6,-1,-12,0,0
37,2,28,28,1
123,8,117,117,1
-6,-1,2,2,0
1,0,-7,0,0
109,7,127,127,1
19,1,19,19,1
284,12,313,313,1
67,4,136,136,1
63,4,92,92,1
3,0,18,18,1
13,0,21,21,1
100,6,124,124,1
33,2,17,17,1
31,2,26,26,1
18,1,8,8,0
15,1,11,11,0
-5,-1,-32,0,0
-2,-1,-22,0,0
64,4,55,55,1
0,0,-10,0,0
-4,-1,-5,0,0
128,8,123,123,1
8,0,2,2,0
168,11,167,167,1
20,1,11,11,0
-1,-1,2,2,0
-5,-1,10,10,0
-4,-1,-11,0,0
38,2,34,34,1
-1,-1,-4,0,0
42,2,36,36,1
-2,-1,0,0,0
-7,-1,1,1,0
152,10,137,137,1
16,1,-5,0,0
16,1,26,26,1
-4,-1,-22,0,0
30,2,20,20,1
-2,-1,-7,0,0
-3,-1,-7,0,0
-4,-1,-17,0,0
36,2,107,107,1
23,1,27,27,1
-4,-1,-20,0,0
2,0,-6,0,0
19,1,4,4,0
-7,-1,-21,0,0
17,1,-2,0,0
146,9,138,138,1
40,2,31,31,1
37,2,22,22,1
0,0,9,9,0
5,0,1,1,0
6,0,1,1,0
25,1,45,45,1
15,1,11,11,0
-4,-1,-13,0,0
7,0,4,4,0
-2,-1,8,8,0
-3,-1,-12,0,0
201,12,190,190,1
-6,-1,-23,0,0
-3,-1,-8,0,0
1,0,-6,0,0
-3,-1,-14,0,0
-3,-1,2,2,0
-2,-1,-4,0,0
-3,-1,-1,0,0
-7,-1,-21,0,0
3,0,-7,0,0
-9,-1,-14,0,0
-1,-1,-11,0,0
-5,-1,-11,0,0
0,0,5,5,0
66,4,45,45,1
51,3,52,52,1
-1,-1,-6,0,0
200,12,188,188,1
30,2,18,18,1
22,1,14,14,0
10,0,8,8,0
-1,-1,-10,0,0
3,0,-8,0,0
19,1,14,14,0
-6,-1,-33,0,0
1191,12,1193,1193,1
26,1,19,19,1
-9,-1,-8,0,0
200,12,203,203,1
-6,-1,4,4,0
-6,-1,7,7,0
-7,-1,-7,0,0
-3,-1,-6,0,0
3,0,-4,0,0
0,0,1,1,0
-2,-1,-16,0,0
2,0,24,24,1
0,0,40,40,1
17,1,28,28,1
6,0,22,22,1
50,3,100,100,1
58,3,43,43,1
19,1,5,5,0
-2,-1,-10,0,0
-2,-1,-11,0,0
11,0,40,40,1
9,0,-12,0,0
22,1,30,30,1
30,2,52,52,1
7,0,5,5,0
15,1,-3,0,0
24,1,25,25,1
2,0,-18,0,0
130,8,147,147,1
38,2,39,39,1
-3,-1,10,10,0
88,5,77,77,1
26,1,16,16,1
149,9,152,152,1
6,0,11,11,0
33,2,10,10,0
6,0,19,19,1
143,9,156,156,1
6,0,-13,0,0
26,1,14,14,0
0,0,1,1,0
-2,-1,16,16,1
125,8,174,174,1
7,0,7,7,0
33,2,50,50,1
7,0,45,45,1
7,0,-1,0,0
-3,-1,-7,0,0
0,0,1,1,0
7,0,2,2,0
-4,-1,-16,0,0
155,10,142,142,1
1,0,40,40,1
155,10,144,144,1
11,0,34,34,1
-3,-1,8,8,0
207,12,220,220,1
20,1,25,25,1
1,0,-7,0,0
57,3,46,46,1
29,1,22,22,1
1,0,-1,0,0
35,2,49,49,1
39,2,44,44,1
5,0,10,10,0
30,2,159,159,1
1,0,13,13,0
152,10,154,154,1
6,0,82,82,1
133,8,203,203,1
159,10,146,146,1
-5,-1,-17,0,0
13,0,1,1,0
-7,-1,-20,0,0
-4,-1,-10,0,0
-5,-1,13,13,0
-4,-1,-14,0,0
2,0,-8,0,0
-5,-1,-14,0,0
163,10,152,152,1
5,0,-1,0,0
4,0,-9,0,0
-5,-1,-1,0,0
18,1,16,16,1
11,0,0,0,0
70,4,57,57,1
37,2,22,22,1
2,0,-1,0,0
-4,-1,21,21,1
18,1,25,25,1
-4,-1,-1,0,0
-7,-1,-27,0,0
-4,-1,-19,0,0
164,10,150,150,1
-2,-1,-2,0,0
47,3,75,75,1
45,3,27,27,1
5,0,-7,0,0
6,0,1,1,0
-4,-1,-15,0,0
12,0,-3,0,0
16,1,10,10,0
39,2,29,29,1
81,5,68,68,1
5,0,-6,0,0
-1,-1,-21,0,0
-5,-1,-17,0,0
-6,-1,-22,0,0
0,0,-17,0,0
-5,-1,-14,0,0
4,0,-11,0,0
28,1,13,13,0
108,7,101,101,1
-5,-1,-18,0,0
-6,-1,-13,0,0
-2,-1,9,9,0
36,2,27,27,1
-2,-1,-4,0,0
-2,-1,-5,0,0
3,0,-8,0,0
-9,-1,-2,0,0
-4,-1,7,7,0
2,0,-3,0,0
-3,-1,-1,0,0
0,0,52,52,1
5,0,-2,0,0
-6,-1,-15,0,0
11,0,12,12,0
-3,-1,-5,0,0
152,10,157,157,1
3,0,-3,0,0
-10,-1,-7,0,0
-4,-1,-19,0,0
55,3,46,46,1
25,1,15,15,1
17,1,5,5,0
-3,-1,-4,0,0
-8,-1,3,3,0
3,0,74,74,1
2,0,-3,0,0
-8,-1,-19,0,0
-8,-1,-15,0,0
23,1,39,39,1
53,3,52,52,1
16,1,19,19,1
0,0,5,5,0
-5,-1,-13,0,0
-10,-1,-11,0,0
-7,-1,-19,0,0
69,4,57,57,1
-5,-1,5,5,0
-7,-1,-14,0,0
68,4,57,57,1
78,5,75,75,1
51,3,66,66,1
152,10,163,163,1
16,1,4,4,0
13,0,0,0,0
93,6,80,80,1
93,6,91,91,1
0,0,-18,0,0
1,0,-20,0,0
-6,-1,-20,0,0
5,0,-10,0,0
3,0,-26,0,0
-8,-1,-10,0,0
-7,-1,26,26,1
5,0,-13,0,0
81,5,89,89,1
-3,-1,-22,0,0
15,1,5,5,0
72,4,111,111,1
-2,-1,-7,0,0
-2,-1,-11,0,0
-2,-1,-34,0,0
8,0,9,9,0
9,0,50,50,1
2,0,12,12,0
6,0,3,3,0
-3,-1,-2,0,0
-6,-1,2,2,0
11,0,2,2,0
-5,-1,-7,0,0
83,5,69,69,1
-3,-1,-8,0,0
45,3,65,65,1
38,2,58,58,1
0,0,-17,0,0
0,0,-5,0,0
1,0,3,3,0
-3,-1,-10,0,0
52,3,43,43,1
-7,-1,-11,0,0
58,3,50,50,1
59,3,58,58,1
8,0,12,12,0
112,7,123,123,1
-9,-1,-12,0,0
41,2,36,36,1
0,0,-2,0,0
15,1,15,15,1
-2,-1,10,10,0
4,0,10,10,0
-3,-1,0,0,0
15,1,6,6,0
-3,-1,8,8,0
6,0,5,5,0
36,2,81,81,1
0,0,69,69,1
-1,-1,-11,0,0
16,1,7,7,0
-2,-1,5,5,0
33,2,28,28,1
2,0,8,8,0
5,0,-4,0,0
288,12,285,285,1
68,4,70,70,1
47,3,44,44,1
0,0,17,17,1
18,1,17,17,1
31,2,24,24,1
-12,-1,-8,0,0
0,0,-5,0,0
0,0,10,10,0
37,2,31,31,1
0,0,23,23,1
-2,-1,8,8,0
-1,-1,3,3,0
-6,-1,-10,0,0
846,12,843,843,1
23,1,44,44,1
17,1,93,93,1
17,1,9,9,0
51,3,66,66,1
-5,-1,-18,0,0
75,5,60,60,1
63,4,67,67,1
-9,-1,8,8,0
16,1,6,6,0
37,2,65,65,1
9,0,31,31,1
4,0,25,25,1
102,6,163,163,1
94,6,88,88,1
12,0,13,13,0
31,2,25,25,1
61,4,47,47,1
14,0,21,21,1
-6,-1,-11,0,0
-4,-1,-18,0,0
47,3,35,35,1
160,10,136,136,1
8,0,25,25,1
77,5,67,67,1
18,1,15,15,1
0,0,3,3,0
-6,-1,4,4,0
47,3,34,34,1
-6,-1,74,74,1
24,1,6,6,0
32,2,28,28,1
-1,-1,-7,0,0
20,1,11,11,0
1,0,-11,0,0
65,4,40,40,1
84,5,70,70,1
2,0,-11,0,0
131,8,161,161,1
14,0,-1,0,0
67,4,57,57,1
66,4,69,69,1
180,12,163,163,1
212,12,199,199,1
15,1,6,6,0
34,2,61,61,1
56,3,47,47,1
9,0,-2,0,0
-6,-1,-6,0,0
9,0,1,1,0
-1,-1,-5,0,0
7,0,-2,0,0
-5,-1,-8,0,0
0,0,-9,0,0
9,0,-3,0,0
6,0,-6,0,0
191,12,185,185,1
48,3,30,30,1
-6,-1,-16,0,0
-3,-1,-7,0,0
-6,-1,-19,0,0
18,1,35,35,1
-1,-1,32,32,1
22,1,19,19,1
13,0,-3,0,0
251,12,230,230,1
25,1,9,9,0
22,1,5,5,0
-6,-1,-21,0,0
-4,-1,-22,0,0
14,0,4,4,0
-3,-1,-1,0,0
1,0,-23,0,0
91,6,84,84,1
-2,-1,-17,0,0
138,9,125,125,1
9,0,2,2,0
0,0,-2,0,0
-2,-1,-6,0,0
14,0,22,22,1
82,5,79,79,1
-9,-1,74,74,1
-5,-1,-14,0,0
22,1,20,20,1
11,0,3,3,0
93,6,79,79,1
30,2,32,32,1
-3,-1,-13,0,0
2,0,8,8,0
11,0,42,42,1
-4,-1,-20,0,0
1,0,-13,0,0
61,4,46,46,1
17,1,0,0,0
63,4,40,40,1
68,4,49,49,1
3,0,-12,0,0
23,1,5,5,0
-1,-1,14,14,0
34,2,36,36,1
57,3,33,33,1
8,0,-10,0,0
16,1,-17,0,0
0,0,-23,0,0
2,0,-23,0,0
26,1,18,18,1
20,1,-5,0,0
124,8,111,111,1
125,8,100,100,1
59,3,55,55,1
-5,-1,-11,0,0
104,6,86,86,1
-5,-1,-12,0,0
-5,-1,-18,0,0
1,0,-22,0,0
111,7,104,104,1
-3,-1,-10,0,0
-3,-1,-13,0,0
-3,-1,-14,0,0
25,1,6,6,0
112,7,97,97,1
10,0,-6,0,0
-2,-1,-20,0,0
0,0,-9,0,0
72,4,59,59,1
-3,-1,-16,0,0
-1,-1,-4,0,0
2,0,-5,0,0
2,0,0,0,0
3,0,7,7,0
9,0,-8,0,0
5,0,-2,0,0
86,5,74,74,1
168,11,159,159,1
23,1,8,8,0
34,2,17,17,1
21,1,0,0,0
870,12,864,864,1
-2,-1,3,3,0
-3,-1,0,0,0
-2,-1,-5,0,0
-4,-1,-7,0,0
-4,-1,-12,0,0
-2,-1,-8,0,0
-6,-1,-14,0,0
-2,-1,-11,0,0
-5,-1,-11,0,0
0,0,-2,0,0
-6,-1,-8,0,0
-4,-1,-16,0,0
1,0,-8,0,0
-3,-1,-4,0,0
-1,-1,-4,0,0
5,0,17,17,1
-5,-1,-12,0,0
-7,-1,-16,0,0
-7,-1,-6,0,0
-2,-1,-9,0,0
-4,-1,1,1,0
-2,-1,-12,0,0
-6,-1,-9,0,0
-3,-1,10,10,0
-4,-1,-2,0,0
-3,-1,-1,0,0
31,2,60,60,1
-1,-1,-9,0,0
-5,-1,0,0,0
-3,-1,-7,0,0
19,1,3,3,0
18,1,4,4,0
-1,-1,-26,0,0
21,1,-8,0,0
1,0,-29,0,0
-3,-1,7,7,0
29,1,103,103,1
2,0,72,72,1
2,0,11,11,0
-1,-1,-5,0,0
45,3,29,29,1
10,0,-5,0,0
-3,-1,0,0,0
-3,-1,48,48,1
19,1,11,11,0
9,0,-13,0,0
53,3,33,33,1
4,0,-24,0,0
26,1,48,48,1
-2,-1,-19,0,0
147,9,112,112,1
56,3,31,31,1
-4,-1,-26,0,0
-1,-1,7,7,0
5,0,-27,0,0
177,11,180,180,1
14,0,41,41,1
0,0,2,2,0
5,0,-21,0,0
118,7,182,182,1
99,6,110,110,1
-8,-1,27,27,1
-8,-1,-40,0,0
-6,-1,-39,0,0
-9,-1,-17,0,0
0,0,-1,0,0
-3,-1,32,32,1
-11,-1,-26,0,0
-4,-1,-32,0,0
-4,-1,-22,0,0
-9,-1,-22,0,0
-4,-1,-48,0,0
-3,-1,15,15,1
-4,-1,-17,0,0
-7,-1,-38,0,0
-5,-1,-20,0,0
-9,-1,-10,0,0
-8,-1,-33,0,0
-7,-1,-24,0,0
0,0,11,11,0
-7,-1,-8,0,0
-11,-1,-15,0,0
-5,-1,-11,0,0
-7,-1,11,11,0
-8,-1,-20,0,0
-5,-1,-16,0,0
16,1,94,94,1
-5,-1,8,8,0
-8,-1,1,1,0
48,3,129,129,1
50,3,23,23,1
2,0,-49,0,0
-5,-1,-37,0,0
-9,-1,-58,0,0
-1,-1,-17,0,0
140,9,138,138,1
21,1,30,30,1
-7,-1,-8,0,0
-5,-1,-44,0,0
-6,-1,-37,0,0
-3,-1,-30,0,0
-6,-1,-11,0,0
39,2,11,11,0
60,4,58,58,1
-6,-1,-43,0,0
-2,-1,67,67,1
2,0,-6,0,0
-3,-1,-13,0,0
8,0,-43,0,0
1,0,0,0,0
-1,-1,-4,0,0
-4,-1,-50,0,0
223,12,231,231,1
-5,-1,-24,0,0
61,4,73,73,1
4,0,10,10,0
53,3,48,48,1
16,1,35,35,1
-2,-1,-8,0,0
24,1,29,29,1
-1,-1,-2,0,0
17,1,16,16,1
7,0,19,19,1
28,1,8,8,0
2,0,-1,0,0
-1,-1,-19,0,0
0,0,20,20,1
4,0,-4,0,0
9,0,20,20,1
0,0,-15,0,0
14,0,14,14,0
0,0,3,3,0
4,0,86,86,1
0,0,8,8,0
1,0,10,10,0
3,0,7,7,0
0,0,44,44,1
1,0,1,1,0
-2,-1,6,6,0
-4,-1,8,8,0
17,1,22,22,1
2,0,12,12,0
45,3,59,59,1
11,0,13,13,0
-2,-1,15,15,1
71,4,58,58,1
-1,-1,18,18,1
10,0,3,3,0
2,0,-1,0,0
74,4,66,66,1
-4,-1,-11,0,0
-2,-1,-6,0,0
1,0,-17,0,0
-1,-1,-21,0,0
36,2,21,21,1
16,1,3,3,0
-4,-1,-14,0,0
-1,-1,-8,0,0
-5,-1,-18,0,0
-3,-1,-15,0,0
-1,-1,-19,0,0
1,0,-5,0,0
-4,-1,-11,0,0
-1,-1,-5,0,0
-3,-1,70,70,1
-4,-1,-14,0,0
-9,-1,-19,0,0
17,1,1,1,0
2,0,2,2,0
18,1,25,25,1
-3,-1,6,6,0
8,0,11,11,0
-3,-1,1,1,0
31,2,18,18,1
-2,-1,11,11,0
1,0,6,6,0
17,1,14,14,0
-3,-1,-8,0,0
4,0,0,0,0
12,0,9,9,0
-3,-1,-4,0,0
40,2,31,31,1
127,8,134,134,1
-3,-1,-12,0,0
15,1,7,7,0
-4,-1,6,6,0
2,0,17,17,1
115,7,119,119,1
-5,-1,-8,0,0
169,11,189,189,1
-1,-1,10,10,0
5,0,14,14,0
-1,-1,14,14,0
-2,-1,1,1,0
-2,-1,-1,0,0
121,8,153,153,1
10,0,-2,0,0
18,1,10,10,0
-1,-1,9,9,0
32,2,24,24,1
-4,-1,12,12,0
44,2,70,70,1
122,8,145,145,1
48,3,42,42,1
12,0,-6,0,0
-4,-1,-5,0,0
32,2,38,38,1
105,7,101,101,1
14,0,20,20,1
183,12,173,173,1
42,2,33,33,1
80,5,81,81,1
21,1,19,19,1
16,1,25,25,1
8,0,20,20,1
1,0,-3,0,0
6,0,-1,0,0
-2,-1,-1,0,0
24,1,9,9,0
17,1,21,21,1
-3,-1,-18,0,0
28,1,14,14,0
40,2,32,32,1
-3,-1,-19,0,0
29,1,24,24,1
13,0,40,40,1
13,0,11,11,0
4,0,1,1,0
-1,-1,-10,0,0
-4,-1,-22,0,0
7,0,-8,0,0
4,0,-5,0,0
7,0,1,1,0
31,2,44,44,1
-5,-1,0,0,0
-6,-1,-9,0,0
41,2,37,37,1
13,0,4,4,0
-5,-1,-20,0,0
-2,-1,-24,0,0
0,0,-12,0,0
-6,-1,4,4,0
-1,-1,-9,0,0
23,1,57,57,1
-10,-1,-18,0,0
-5,-1,22,22,1
4,0,2,2,0
7,0,16,16,1
-1,-1,32,32,1
8,0,24,24,1
-5,-1,-2,0,0
-2,-1,20,20,1
-8,-1,8,8,0
1,0,15,15,1
75,5,74,74,1
53,3,67,67,1
3,0,-2,0,0
-2,-1,19,19,1
-1,-1,-5,0,0
-5,-1,16,16,1
117,7,151,151,1
15,1,6,6,0
-2,-1,-4,0,0
19,1,16,16,1
-1,-1,24,24,1
-8,-1,-20,0,0
-7,-1,17,17,1
-3,-1,-2,0,0
-5,-1,-16,0,0
-9,-1,4,4,0
0,0,-15,0,0
-8,-1,-11,0,0
-6,-1,19,19,1
-6,-1,-13,0,0
-4,-1,-7,0,0
13,0,11,11,0
-4,-1,-12,0,0
-2,-1,17,17,1
6,0,19,19,1
29,1,22,22,1
-1,-1,5,5,0
77,5,77,77,1
-4,-1,-16,0,0
-4,-1,4,4,0
-5,-1,-16,0,0
-7,-1,-4,0,0
-3,-1,-21,0,0
-5,-1,-23,0,0
-3,-1,-15,0,0
-9,-1,-21,0,0
-2,-1,-15,0,0
51,3,44,44,1
-10,-1,-12,0,0
-5,-1,22,22,1
-5,-1,4,4,0
-6,-1,-17,0,0
-8,-1,-19,0,0
-6,-1,20,20,1
-5,-1,-9,0,0
-2,-1,-10,0,0
-6,-1,-17,0,0
-3,-1,-15,0,0
-7,-1,0,0,0
193,12,181,181,1
-2,-1,-13,0,0
-2,-1,-19,0,0
0,0,-2,0,0
-8,-1,17,17,1
-3,-1,5,5,0
-7,-1,-12,0,0
-2,-1,-8,0,0
-5,-1,-18,0,0
-2,-1,-9,0,0
-3,-1,-6,0,0
-4,-1,-8,0,0
-2,-1,9,9,0
14,0,7,7,0
7,0,5,5,0
-6,-1,-12,0,0
-1,-1,5,5,0
-6,-1,-12,0,0
8,0,19,19,1
-5,-1,3,3,0
30,2,38,38,1
-1,-1,2,2,0
-5,-1,-11,0,0
47,3,38,38,1
-6,-1,-11,0,0
-6,-1,3,3,0
16,1,17,17,1
54,3,49,49,1
90,6,97,97,1
53,3,54,54,1
-5,-1,-16,0,0
-1,-1,0,0,0
-2,-1,-5,0,0
-4,-1,3,3,0
50,3,46,46,1
124,8,119,119,1
-4,-1,-2,0,0
-5,-1,-7,0,0
-4,-1,-1,0,0
36,2,35,35,1
99,6,104,104,1
-1,-1,-10,0,0
-4,-1,-14,0,0
16,1,4,4,0
-2,-1,-18,0,0
7,0,3,3,0
25,1,17,17,1
2,0,-14,0,0
0,0,-3,0,0
17,1,20,20,1
74,4,60,60,1
115,7,112,112,1
147,9,135,135,1
38,2,66,66,1
82,5,83,83,1
113,7,101,101,1
78,5,78,78,1
3,0,-13,0,0
-15,-1,-3,0,0
-17,-2,-21,0,0
2,0,0,0,0
-2,-1,2,2,0
3,0,2,2,0
-5,-1,-11,0,0
-7,-1,28,28,1
-4,-1,5,5,0
-10,-1,-17,0,0
-4,-1,-8,0,0
-7,-1,-12,0,0
-2,-1,-8,0,0
58,3,54,54,1
105,7,97,97,1
-3,-1,18,18,1
4,0,2,2,0
-5,-1,-21,0,0
-11,-1,-29,0,0
89,5,118,118,1
-1,-1,7,7,0
-1,-1,-18,0,0
-2,-1,1,1,0
-4,-1,-3,0,0
-2,-1,12,12,0
8,0,7,7,0
-8,-1,-6,0,0
2,0,-11,0,0
8,0,-4,0,0
16,1,6,6,0
7,0,18,18,1
4,0,9,9,0
-8,-1,1,1,0
112,7,102,102,1
-6,-1,-13,0,0
17,1,17,17,1
-8,-1,8,8,0
42,2,47,47,1
-4,-1,22,22,1
-6,-1,-8,0,0
-2,-1,-8,0,0
109,7,101,101,1
0,0,26,26,1
18,1,16,16,1
-1,-1,-6,0,0
-6,-1,-7,0,0
168,11,171,171,1
-8,-1,9,9,0
-6,-1,25,25,1
4,0,5,5,0
30,2,43,43,1
-4,-1,14,14,0
12,0,56,56,1
-7,-1,-6,0,0
-7,-1,-3,0,0
143,9,143,143,1
97,6,124,124,1
-3,-1,-6,0,0
-3,-1,10,10,0
0,0,47,47,1
42,2,38,38,1
-5,-1,-6,0,0
10,0,5,5,0
227,12,228,228,1
64,4,50,50,1
34,2,24,24,1
-6,-1,-17,0,0
53,3,47,47,1
-1,-1,-6,0,0
-5,-1,-15,0,0
3,0,-1,0,0
-3,-1,-13,0,0
-6,-1,-14,0,0
30,2,21,21,1
-2,-1,-13,0,0
-4,-1,-16,0,0
-7,-1,-15,0,0
32,2,26,26,1
69,4,61,61,1
22,1,13,13,0
-6,-1,-19,0,0
-5,-1,-16,0,0
-5,-1,-19,0,0
10,0,-1,0,0
22,1,11,11,0
-6,-1,-17,0,0
-3,-1,-8,0,0
-6,-1,-18,0,0
-4,-1,-13,0,0
-3,-1,-8,0,0
-5,-1,-1,0,0
-5,-1,-21,0,0
112,7,104,104,1
20,1,10,10,0
-6,-1,-10,0,0
-5,-1,-13,0,0
-1,-1,3,3,0
30,2,17,17,1
-5,-1,-12,0,0
-1,-1,12,12,0
1,0,5,5,0
-3,-1,6,6,0
2,0,11,11,0
-2,-1,2,2,0
5,0,-8,0,0
-2,-1,-24,0,0
-2,-1,-15,0,0
0,0,-12,0,0
6,0,-10,0,0
2,0,20,20,1
-1,-1,5,5,0
-4,-1,8,8,0
-1,-1,9,9,0
-1,-1,4,4,0
-5,-1,-43,0,0
-6,-1,-49,0,0
-4,-1,-42,0,0
-3,-1,-20,0,0
-4,-1,-41,0,0
-2,-1,19,19,1
122,8,136,136,1
-3,-1,6,6,0
1,0,14,14,0
0,0,-5,0,0
0,0,-16,0,0
-2,-1,16,16,1
-6,-1,-7,0,0
160,10,161,161,1
0,0,-12,0,0
-5,-1,-8,0,0
-3,-1,-6,0,0
-6,-1,-11,0,0
-1,-1,2,2,0
-4,-1,-2,0,0
-1,-1,5,5,0
-1,-1,5,5,0
-2,-1,8,8,0
-2,-1,2,2,0
-5,-1,1,1,0
0,0,3,3,0
0,0,-1,0,0
-7,-1,-19,0,0
-6,-1,-4,0,0
-5,-1,-5,0,0
-3,-1,-11,0,0
-3,-1,-2,0,0
-2,-1,8,8,0
113,7,101,101,1
-1,-1,-11,0,0
-4,-1,-8,0,0
-1,-1,22,22,1
-5,-1,1,1,0
3,0,-2,0,0
-2,-1,-7,0,0
-2,-1,-2,0,0
2,0,-2,0,0
-4,-1,-12,0,0
-7,-1,-13,0,0
-5,-1,-14,0,0
50,3,46,46,1
3,0,10,10,0
-4,-1,-9,0,0
23,1,14,14,0
-8,-1,-7,0,0
-5,-1,-10,0,0
185,12,174,174,1
-7,-1,-9,0,0
-3,-1,4,4,0
-7,-1,-13,0,0
84,5,79,79,1
125,8,113,113,1
-4,-1,-13,0,0
-5,-1,-10,0,0
-8,-1,-13,0,0
-4,-1,-13,0,0
-6,-1,-11,0,0
-5,-1,-10,0,0
-7,-1,-16,0,0
45,3,28,28,1
-4,-1,-12,0,0
-3,-1,-6,0,0
-6,-1,1,1,0
22,1,24,24,1
-6,-1,-13,0,0
0,0,-4,0,0
48,3,35,35,1
328,12,360,360,1
-2,-1,0,0,0
21,1,7,7,0
43,2,39,39,1
18,1,22,22,1
40,2,41,41,1
-2,-1,-29,0,0
-1,-1,-1,0,0
11,0,13,13,0
6,0,-14,0,0
-6,-1,-17,0,0
-1,-1,36,36,1
17,1,-2,0,0
8,0,86,86,1
-3,-1,21,21,1
-1,-1,-8,0,0
53,3,49,49,1
32,2,42,42,1
1,0,-13,0,0
156,10,184,184,1
-4,-1,-24,0,0
75,5,85,85,1
42,2,111,111,1
22,1,23,23,1
3,0,7,7,0
-1,-1,1,1,0
-3,-1,-4,0,0
-7,-1,-8,0,0
7,0,7,7,0
-7,-1,4,4,0
11,0,18,18,1
251,12,245,245,1
0,0,6,6,0
-7,-1,-7,0,0
-8,-1,-1,0,0
-7,-1,9,9,0
-2,-1,-4,0,0
-4,-1,-1,0,0
15,1,11,11,0
49,3,47,47,1
-7,-1,-12,0,0
127,8,133,133,1
-4,-1,-7,0,0
-4,-1,-6,0,0
32,2,16,16,1
32,2,33,33,1
-7,-1,-4,0,0
-6,-1,-15,0,0
-2,-1,-9,0,0
62,4,63,63,1
238,12,233,233,1
170,11,162,162,1
2,0,13,13,0
-7,-1,-3,0,0
119,7,109,109,1
-9,-1,-12,0,0
-1,-1,-5,0,0
-7,-1,-10,0,0
29,1,21,21,1
-2,-1,-9,0,0
-5,-1,4,4,0
-8,-1,-8,0,0
-6,-1,-2,0,0
1,0,1,1,0
-1,-1,-1,0,0
30,2,13,13,0
8,0,3,3,0
0,0,14,14,0
14,0,10,10,0
16,1,9,9,0
-3,-1,-1,0,0
35,2,33,33,1
85,5,76,76,1
49,3,67,67,1
36,2,23,23,1
-4,-1,-4,0,0
2,0,-8,0,0
-5,-1,-3,0,0
74,4,65,65,1
167,11,171,171,1
-3,-1,-16,0,0
14,0,-2,0,0
0,0,-8,0,0
75,5,51,51,1
5,0,1,1,0
0,0,5,5,0
2,0,8,8,0
-1,-1,-17,0,0
-2,-1,-12,0,0
51,3,37,37,1
15,1,11,11,0
16,1,-1,0,0
3,0,12,12,0
70,4,80,80,1
52,3,38,38,1
0,0,-14,0,0
-7,-1,-16,0,0
-4,-1,-18,0,0
-5,-1,-19,0,0
-1,-1,-11,0,0
-5,-1,-8,0,0
-5,-1,-21,0,0
-1,-1,-2,0,0
-8,-1,-25,0,0
-7,-1,-12,0,0
-4,-1,-2,0,0
-4,-1,-17,0,0
-1,-1,-11,0,0
-6,-1,-13,0,0
-3,-1,-20,0,0
-4,-1,-6,0,0
-6,-1,-14,0,0
-4,-1,-19,0,0
-5,-1,-22,0,0
-3,-1,-15,0,0
-9,-1,-20,0,0
-3,-1,-15,0,0
-1,-1,-5,0,0
0,0,-11,0,0
0,0,-3,0,0
4,0,-8,0,0
1,0,-7,0,0
-6,-1,-25,0,0
-2,-1,-11,0,0
-3,-1,-18,0,0
-1,-1,-16,0,0
1,0,5,5,0
31,2,16,16,1
-6,-1,-31,0,0
-5,-1,-14,0,0
-4,-1,-24,0,0
116,7,114,114,1
-2,-1,-24,0,0
6,0,11,11,0
45,3,101,101,1
26,1,26,26,1
0,0,32,32,1
1,0,11,11,0
-4,-1,-23,0,0
-1,-1,-9,0,0
15,1,22,22,1
294,12,284,284,1
-5,-1,-22,0,0
138,9,123,123,1
-5,-1,-21,0,0
7,0,12,12,0
-4,-1,-4,0,0
30,2,36,36,1
-4,-1,-26,0,0
-6,-1,-33,0,0
-4,-1,17,17,1
90,6,87,87,1
